patch,name,380,390,400,410,420,430,440,450,460,470,480,490,500,510,520,530,540,550,560,570,580,590,600,610,620,630,640,650,660,670,680,690,700,710,720,730
1,dark skin,0.05474577666666667,0.05832679833333333,0.06116376166666667,0.06238476833333333,0.062310751666666685,0.06207002833333334,0.061828535,0.061585718333333345,0.061541410000000005,0.061623115,0.06202757833333335,0.06296421999999999,0.06518080666666666,0.07027146000000001,0.07639587833333335,0.07949067,0.08127583,0.084289565,0.090583705,0.10290174166666669,0.11905133333333331,0.13426457500000002,0.14319795,0.146879425,0.15077500000000002,0.158095925,0.16819101666666672,0.17890426666666667,0.1875513166666667,0.18963596666666666,0.1857725083333333,0.18149335833333333,0.1816050333333333,0.18721109999999996,0.19605351666666662,0.20949270000000003
2,light skin,0.11713294333333334,0.14345419999999998,0.17452905833333332,0.19093480833333334,0.19560212500000004,0.19899796666666664,0.2042349333333333,0.2131849,0.22842331666666668,0.25127326666666666,0.28004684999999996,0.30878109166666673,0.32945159166666665,0.33336444999999987,0.31459659999999995,0.286279,0.2734889833333333,0.2764567500000001,0.27720293333333335,0.28929745833333337,0.33937629999999985,0.4202160666666666,0.48778946666666656,0.5251081916666668,0.5457372666666667,0.56155975,0.5778830833333333,0.5949712083333335,0.6117972500000001,0.6247469750000001,0.6381013916666667,0.6559582166666668,0.6782156500000001,0.6995809833333336,0.717088725,0.7338242666666666
3,blue sky,0.13036252499999998,0.17707405000000004,0.25100990833333336,0.30624508333333333,0.3239154999999999,0.32993155,0.33282910833333335,0.33097493333333333,0.3234239416666666,0.31133905,0.29822598333333333,0.2853306,0.26942757500000003,0.25037432499999995,0.2314428166666667,0.21425589166666667,0.19942239166666667,0.1845116416666667,0.1693843,0.15728792500000002,0.14910803333333333,0.14482330000000002,0.14185823333333333,0.1405707333333333,0.14067464999999998,0.14109325833333333,0.14256815833333333,0.14653959166666666,0.15183760833333332,0.15351474166666668,0.15008934999999998,0.14395249166666668,0.1363947,0.13235144499999998,0.13495744166666668,0.1467335433333333
4,foliage,0.05123929,0.054234009999999985,0.05599026500000001,0.057038865,0.057862218333333354,0.05895043,0.06030008499999999,0.061314050000000016,0.06227655000000001,0.06324506999999999,0.064783435,0.06737756333333332,0.07531280333333332,0.10119850833333333,0.14536074166666665,0.17826421666666667,0.18394409166666667,0.17011105833333331,0.1493809,0.13274413333333335,0.12186105833333336,0.11517310833333336,0.10948136666666668,0.10535899166666667,0.10434214666666669,0.1059892083333333,0.10890635000000003,0.11189438166666665,0.114062225,0.11395301666666664,0.11239803333333329,0.11215318333333332,0.11481899999999999,0.11976542499999998,0.12459475833333333,0.13030455
5,blue flower,0.144234675,0.19826913333333337,0.294433875,0.375437525,0.4083734833333334,0.4209494833333334,0.42618221666666656,0.42608661666666664,0.41932302500000007,0.40343499166666663,0.37927369166666663,0.3463590333333333,0.31112164999999997,0.28123512500000003,0.2538760166666667,0.22888982500000002,0.2142046416666666,0.208354775,0.20162233333333332,0.1943963,0.19256667500000005,0.20018149166666663,0.21440988333333333,0.22951794166666656,0.24057660833333333,0.2539609666666667,0.2785112416666667,0.31322096666666666,0.3477915583333333,0.36587072500000006,0.3657912749999999,0.359424125,0.35799325000000004,0.36492684999999997,0.3772259333333334,0.39782626666666665
6,bluish green,0.1362689511111111,0.17945812,0.2468920701754386,0.2968189912280702,0.3202815,0.33708444736842114,0.35549821052631575,0.38118624561403514,0.4191262894736842,0.4659589122807018,0.5104799824561403,0.5458065701754384,0.5671924298245614,0.5742647105263157,0.5690834298245614,0.5506839122807018,0.5235055350877194,0.48843353508771936,0.4452110877192981,0.39987279824561406,0.35043208771929824,0.29938849999999995,0.25243408771929826,0.22096198245614038,0.20431409649122806,0.1957925350877193,0.19087707017543862,0.18822911403508769,0.1907196403508772,0.19942212280701757,0.2115858859649122,0.2231014736842105,0.23163941228070178,0.2333170533333334,0.22941277777777774,0.2293532888888888
7,orange,0.05380799333333333,0.05368853666666666,0.05325824999999999,0.053697168333333344,0.05401954833333333,0.05451839833333335,0.054946856666666676,0.05515720333333333,0.055676085,0.05663823666666666,0.05839740666666667,0.06121599833333334,0.06821759333333334,0.08941939333333333,0.12461448499999998,0.15350303333333334,0.17379346666666665,0.19944286666666666,0.2482703333333333,0.33542334166666665,0.44399372499999995,0.5384732416666668,0.5866733833333334,0.5948389999999999,0.5905891333333334,0.5866171583333334,0.584174325,0.5838580000000001,0.5897472416666667,0.6025114666666667,0.6203902583333334,0.6387968666666667,0.6548099166666665,0.6625460916666667,0.6625484333333335,0.6668149583333332
8,purplish blue,0.12236492500000004,0.16448238333333334,0.2285043,0.28607930833333334,0.32730463333333326,0.3610826750000001,0.3875666833333334,0.39963421666666665,0.391569075,0.3624276916666666,0.31611836666666676,0.2602436416666667,0.20858144166666673,0.1683088,0.13768434166666665,0.11655959999999999,0.10424936666666668,0.09636521000000003,0.08979627333333333,0.08550744,0.08372335666666667,0.08396389500000002,0.08431506166666668,0.08411075000000001,0.08386070166666665,0.08517012,0.08976690500000002,0.09784828333333333,0.10912378333333331,0.12346420833333334,0.14269239166666664,0.16930491666666664,0.20465172499999998,0.24395294166666667,0.28718730000000003,0.3324851166666667
9,moderate red,0.09600494833333334,0.1146623333333333,0.13058243333333333,0.13508178333333334,0.13344809166666666,0.131591775,0.13021055,0.12810689166666667,0.1250508,0.12047583333333331,0.11512378333333333,0.10984815000000002,0.10493985833333333,0.09982050166666669,0.09516307166666665,0.09265470333333332,0.09246727166666664,0.09318923833333334,0.09620571333333335,0.10811634166666667,0.15556720833333332,0.26539007499999995,0.3987115333333333,0.5000814749999999,0.5563191000000001,0.5794506500000001,0.587725,0.5906266916666667,0.5925099916666667,0.5944507666666666,0.5978491583333334,0.6021901416666665,0.6069035666666667,0.609251775,0.6089628666666667,0.6102354166666669
10,purple,0.09199369499999997,0.11601397499999998,0.14560849166666665,0.16853444166666665,0.17846618333333328,0.17301370000000002,0.1579659333333333,0.13878458333333332,0.11913145833333331,0.10139543333333337,0.08694636166666667,0.07518131,0.06609496666666667,0.06031850666666668,0.05645999500000001,0.05311827666666665,0.051209053333333324,0.05124091499999999,0.051950186666666655,0.051872516666666674,0.05119813,0.05242001166666666,0.058412533333333336,0.07317920333333335,0.09551559333333334,0.11892533333333334,0.14139448333333335,0.16554086666666665,0.19404581666666665,0.22706210833333335,0.26539437499999996,0.308924375,0.35455254166666667,0.39576543333333325,0.4358370916666666,0.4784690333333335
11,yellow green,0.06103121666666667,0.06124769166666667,0.06192381166666668,0.06291475166666667,0.06397027166666666,0.06592827833333334,0.069210055,0.07472532833333333,0.08548971666666667,0.10506226666666667,0.138668125,0.1920871,0.27072843333333335,0.37610672500000003,0.4757763499999999,0.5312238666666667,0.5491574916666667,0.5457149416666669,0.5280724166666666,0.504456025,0.4705200833333334,0.4276379083333333,0.3812450750000001,0.34679870833333326,0.3274433500000001,0.31770719999999997,0.31246699166666664,0.30993556666666666,0.31441070000000004,0.3274066833333333,0.3452259833333334,0.3625503583333332,0.376216025,0.3805428916666667,0.37767426666666665,0.37940626666666677
12,orange yellow,0.06281745,0.06284098666666667,0.06333680666666666,0.06354224833333334,0.06370904666666667,0.06441829333333332,0.06536039666666667,0.06599015666666666,0.06693667,0.06841267,0.07128241666666665,0.07570593666666667,0.08722176166666663,0.12530845833333332,0.20583289166666663,0.30526295000000003,0.3831545500000001,0.43094287499999984,0.4691505749999999,0.517890275,0.5679281,0.6068798583333332,0.62804645,0.6370308166666665,0.639991275,0.6419792083333333,0.6454488166666665,0.6482396166666664,0.6510184166666666,0.6530666666666666,0.6573558,0.6640327416666667,0.6726522249999999,0.6797014749999999,0.6837630833333335,0.6882872333333333
13,blue,0.06624479333333334,0.07863615166666665,0.10158902,0.14554145833333332,0.19951425,0.24439939999999996,0.28249712499999996,0.30935777499999995,0.30758933333333327,0.2778077083333333,0.23086725833333335,0.1775398,0.1297134833333333,0.09427922499999998,0.06954132833333333,0.053989398333333334,0.04582158666666666,0.041667020000000006,0.03943856166666667,0.038310046666666674,0.03774989833333333,0.037752858333333326,0.03796944666666666,0.03852049999999999,0.03924694333333333,0.03986566833333334,0.040795713333333344,0.04232372666666666,0.04417901166666668,0.04547349166666666,0.04584429833333333,0.04641777666666665,0.04836774166666666,0.052171875000000006,0.05731102166666666,0.06498317833333332
14,green,0.051950585,0.05306047833333334,0.05419981333333332,0.055447223333333344,0.05676623,0.058562460000000004,0.061373238333333344,0.06575944166666665,0.07483413333333333,0.09269215499999998,0.12488222499999999,0.17789125833333333,0.2457851583333333,0.307250775,0.33715770000000006,0.33353582500000006,0.31652869999999994,0.29299385000000006,0.2618644,0.2299924916666667,0.197653675,0.1650374166666667,0.13501274166666669,0.11490038333333331,0.10397176333333333,0.09791464500000004,0.09438960499999999,0.09234863333333335,0.09276993666666665,0.09652667,0.10240156333333332,0.10842288666666669,0.11345308999999999,0.11532589000000001,0.11392289833333334,0.11427009833333335
15,red,0.049923225,0.048772241666666674,0.047593495000000006,0.047235858333333346,0.047163109999999994,0.047354438333333325,0.04741879333333333,0.046920133333333336,0.04607247333333333,0.04517525166666668,0.04443931,0.04428872000000001,0.04468081999999999,0.04559571333333333,0.046780213333333334,0.047640060000000005,0.04858586833333334,0.05036525333333333,0.05384684666666666,0.05986063499999999,0.072117415,0.10355886499999999,0.1775223083333333,0.3120716916666666,0.466832875,0.5808315583333333,0.6444348583333334,0.6748381000000001,0.6901755283333334,0.6982445083333333,0.7059168666666668,0.7149544416666667,0.7237028666666668,0.7301043250000002,0.7337140083333334,0.7384071000000001
16,yellow,0.05798471499999999,0.05441808166666665,0.052161385,0.05198451999999999,0.052625083333333315,0.053983561666666666,0.056077268333333326,0.059422578333333344,0.066588805,0.08068069333333332,0.10688392166666666,0.15204183333333335,0.22507275,0.3355306333333335,0.46239250833333334,0.55873255,0.6157268083333333,0.6497250583333333,0.6722192333333332,0.6938682500000002,0.7099519083333333,0.7231898333333334,0.7314350833333335,0.7390412749999998,0.7462001500000002,0.7518038166666667,0.7581585083333334,0.7639408666666665,0.7686890833333335,0.7709818249999999,0.7755084249999998,0.782402083333333,0.7901769916666669,0.796189775,0.7992962083333331,0.8036609333333335
17,magenta,0.14454729166666663,0.195114325,0.282593175,0.345768775,0.36182406666666667,0.3543233583333334,0.33361042500000004,0.30571021666666665,0.2762266666666667,0.2475561583333334,0.21805285833333332,0.18988172500000003,0.16785840833333332,0.14895508333333335,0.12697034166666665,0.10723302500000001,0.09961565000000001,0.1018885916666667,0.10356040833333333,0.10906664166666667,0.13680310833333337,0.19962652500000003,0.29012802499999996,0.40005980833333327,0.5157982999999999,0.614861725,0.6865525083333334,0.731769125,0.7597490833333331,0.7743274750000001,0.7831442333333334,0.7925596166666669,0.8033727000000003,0.8115519750000001,0.8171819416666666,0.8254095
18,cyan,0.10773141666666666,0.14118746666666668,0.19246814166666668,0.23641261666666666,0.26085389999999997,0.28550200833333333,0.31739692499999994,0.35313365,0.3902353166666666,0.42596649166666667,0.4456067583333333,0.4442305083333335,0.42321365,0.38548756666666667,0.33671907500000003,0.2827310083333333,0.23128248333333337,0.1850553583333333,0.14553980833333335,0.11806755000000001,0.10052612,0.08958241166666667,0.08155878166666668,0.07639616666666667,0.07405904166666667,0.07305312833333334,0.07294379499999999,0.07380872166666669,0.07558903333333333,0.07675042333333335,0.07647859166666665,0.07499158166666665,0.07276955833333333,0.07199863166666666,0.07374496,0.07935490666666666
19,white 9.5 (.05 D),0.18936221666666672,0.2546390916666667,0.42260320000000007,0.6602092833333332,0.8109753333333336,0.8621178416666668,0.8765757166666666,0.8841736166666667,0.8910357666666664,0.8956640583333332,0.8993164083333334,0.9036963166666665,0.9071836583333333,0.9090844499999999,0.91091105,0.9100527916666663,0.9112152833333336,0.9140196250000001,0.9134264083333333,0.9160187166666667,0.9154800249999998,0.9158415083333332,0.9143345249999999,0.91546715,0.9176365999999999,0.9186266833333333,0.9210140916666666,0.9229097916666666,0.9238554166666667,0.9219885116666665,0.9224203083333334,0.9247710416666665,0.9274868416666666,0.9297708999999998,0.9304115833333334,0.9332893083333335
20,neutral 8 (.23 D),0.17084874999999997,0.23205840833333333,0.3650667583333334,0.506556725,0.5674874166666668,0.5826955833333334,0.5877010416666667,0.5900917916666668,0.5909920333333332,0.5897711666666667,0.5884065083333334,0.588425375,0.5889789666666666,0.5894838833333333,0.5905909166666666,0.5900185416666666,0.5898970166666667,0.59030225,0.5892923250000002,0.5909432666666667,0.5903081333333334,0.5897134416666667,0.5871316000000001,0.5851477499999999,0.5830410333333335,0.5799620750000002,0.5777894749999999,0.5759480666666669,0.5743990333333334,0.5722103916666668,0.5706119,0.569224025,0.5682766583333334,0.5679693333333334,0.5664815083333334,0.566309075
21,neutral 6.5 (.44 D),0.1442082,0.19245511666666668,0.27183985833333335,0.33081377500000003,0.35041952500000006,0.35691864166666654,0.3612314000000001,0.36326178333333325,0.362969775,0.3608100250000001,0.35873606666666674,0.3581081,0.3584552916666667,0.35918600833333325,0.3604119666666667,0.360455825,0.36056023333333337,0.3608293500000001,0.36042625833333336,0.36184815000000004,0.3617506166666667,0.3613257916666667,0.35932281666666666,0.35753359166666665,0.3554338999999999,0.35241499166666673,0.3498974916666666,0.34764038333333336,0.34546812499999996,0.34271730833333336,0.34016676666666673,0.33760040000000013,0.335308125,0.3338327666666666,0.3318030833333333,0.3305434416666666
22,neutral 5 (.70 D),0.10519212166666664,0.13132604999999997,0.1625979333333333,0.1801656833333333,0.18591685833333332,0.18953383333333332,0.19286083333333337,0.19423227499999995,0.193783375,0.19232811666666666,0.1910597333333333,0.1908462916666667,0.1912463583333333,0.19157932500000005,0.19205149999999999,0.19210119166666667,0.19217038333333333,0.19231270833333333,0.1920581666666667,0.19263221666666666,0.1923815083333333,0.19192907499999998,0.19059474999999995,0.1893861833333333,0.1879860083333333,0.18586741666666662,0.18397521666666666,0.18231740000000002,0.180851625,0.17925228333333335,0.17777185833333337,0.1760447666666667,0.17433875000000001,0.17336829166666667,0.17218856666666665,0.17138879166666668
23,neutral 3.5 (1.05 D),0.06795998666666668,0.07672295833333333,0.08388177666666667,0.08741256500000001,0.08888493,0.09044284166666669,0.09186587499999997,0.09204378166666667,0.09135082333333333,0.0903926716666667,0.08974721666666666,0.08964957666666667,0.08981230833333335,0.08987909999999998,0.08996976833333337,0.08996341833333334,0.09001372833333333,0.09006203500000001,0.08986206499999999,0.08990378166666665,0.0895126,0.08916492000000001,0.08852157499999999,0.08806271999999998,0.08749385666666668,0.08644896833333333,0.08551001666666666,0.08477819833333333,0.08420124333333333,0.08368052833333331,0.08321317500000001,0.08253862833333332,0.08176281166666667,0.08142807333333332,0.08092902166666668,0.08067667833333333
24,black 2 (1.5 D),0.031023515,0.03198909833333334,0.03227988833333333,0.03256000333333332,0.032753593333333324,0.032821775000000004,0.03282255,0.03262162833333334,0.032483540000000005,0.03240356166666667,0.03232596166666667,0.032307445000000004,0.03228158833333334,0.032154531666666666,0.03208666833333333,0.03198221666666667,0.03196098499999999,0.03197636166666666,0.03191964333333334,0.031947816666666656,0.03181733999999999,0.03179289166666667,0.03173043,0.03184868333333333,0.031934163333333335,0.03190411833333333,0.03190763833333334,0.03194081666666667,0.03201528833333334,0.032121725,0.03221664333333334,0.032225985,0.032242825,0.032329086666666666,0.03237263333333333,0.03250314333333333
