199.76025,0.00E+00  
199.96190,0.00E+00  
200.16356,0.00E+00  
200.36523,0.00E+00  
200.56693,0.00E+00  
200.76863,0.00E+00  
200.97035,0.00E+00  
201.17209,0.00E+00  
201.37384,0.00E+00  
201.57561,0.00E+00  
201.77737,0.00E+00  
201.97917,0.00E+00  
202.18098,0.00E+00  
202.38280,0.00E+00  
202.58464,0.00E+00  
202.78648,0.00E+00  
202.98836,0.00E+00  
203.19023,0.00E+00  
203.39212,0.00E+00  
203.59402,0.00E+00  
203.79596,0.00E+00  
203.99789,0.00E+00  
204.19984,0.00E+00  
204.40181,0.00E+00  
204.60379,0.00E+00  
204.80579,0.00E+00  
205.00780,0.00E+00  
205.20981,0.00E+00  
205.41185,0.00E+00  
205.61391,0.00E+00  
205.81598,0.00E+00  
206.01805,0.00E+00  
206.22015,0.00E+00  
206.42226,0.00E+00  
206.62439,0.00E+00  
206.82652,0.00E+00  
207.02867,0.00E+00  
207.23084,0.00E+00  
207.43303,0.00E+00  
207.63522,0.00E+00  
207.83743,0.00E+00  
208.03966,0.00E+00  
208.24190,0.00E+00  
208.44415,0.00E+00  
208.64641,0.00E+00  
208.84869,0.00E+00  
209.05099,0.00E+00  
209.25331,0.00E+00  
209.45563,0.00E+00  
209.65797,0.00E+00  
209.86032,0.00E+00  
210.06270,0.00E+00  
210.26508,0.00E+00  
210.46747,0.00E+00  
210.66989,0.00E+00  
210.87231,0.00E+00  
211.07475,0.00E+00  
211.27721,0.00E+00  
211.47968,0.00E+00  
211.68216,0.00E+00  
211.88466,0.00E+00  
212.08717,0.00E+00  
212.28969,0.00E+00  
212.49223,0.00E+00  
212.69479,0.00E+00  
212.89735,0.00E+00  
213.09995,0.00E+00  
213.30254,0.00E+00  
213.50516,0.00E+00  
213.70778,0.00E+00  
213.91042,0.00E+00  
214.11307,0.00E+00  
214.31575,0.00E+00  
214.51843,0.00E+00  
214.72113,0.00E+00  
214.92384,0.00E+00  
215.12656,0.00E+00  
215.32930,0.00E+00  
215.53206,0.00E+00  
215.73483,0.00E+00  
215.93761,0.00E+00  
216.14041,0.00E+00  
216.34322,0.00E+00  
216.54605,0.00E+00  
216.74889,0.00E+00  
216.95175,0.00E+00  
217.15462,0.00E+00  
217.35750,0.00E+00  
217.56039,0.00E+00  
217.76331,0.00E+00  
217.96623,0.00E+00  
218.16917,0.00E+00  
218.37213,0.00E+00  
218.57510,0.00E+00  
218.77808,0.00E+00  
218.98108,0.00E+00  
219.18408,0.00E+00  
219.38712,0.00E+00  
219.59015,0.00E+00  
219.79321,0.00E+00  
219.99628,0.00E+00  
220.19936,0.00E+00  
220.40247,0.00E+00  
220.60558,0.00E+00  
220.80870,0.00E+00  
221.01184,0.00E+00  
221.21500,0.00E+00  
221.41815,0.00E+00  
221.62134,0.00E+00  
221.82454,0.00E+00  
222.02774,0.00E+00  
222.23097,0.00E+00  
222.43420,0.00E+00  
222.63747,0.00E+00  
222.84073,0.00E+00  
223.04401,0.00E+00  
223.24731,0.00E+00  
223.45062,0.00E+00  
223.65395,0.00E+00  
223.85728,0.00E+00  
224.06064,0.00E+00  
224.26401,0.00E+00  
224.46738,0.00E+00  
224.67078,0.00E+00  
224.87419,0.00E+00  
225.07761,0.00E+00  
225.28105,0.00E+00  
225.48450,0.00E+00  
225.68797,0.00E+00  
225.89145,0.00E+00  
226.09494,0.00E+00  
226.29845,0.00E+00  
226.50197,0.00E+00  
226.70551,0.00E+00  
226.90906,0.00E+00  
227.11263,0.00E+00  
227.31621,0.00E+00  
227.51979,0.00E+00  
227.72340,0.00E+00  
227.92703,0.00E+00  
228.13066,0.00E+00  
228.33430,0.00E+00  
228.53798,0.00E+00  
228.74165,0.00E+00  
228.94534,0.00E+00  
229.14905,0.00E+00  
229.35277,0.00E+00  
229.55650,0.00E+00  
229.76025,0.00E+00  
229.96402,0.00E+00  
230.16780,0.00E+00  
230.37158,0.00E+00  
230.57539,0.00E+00  
230.77921,0.00E+00  
230.98305,0.00E+00  
231.18689,0.00E+00  
231.39075,0.00E+00  
231.59462,0.00E+00  
231.79852,0.00E+00  
232.00243,0.00E+00  
232.20634,0.00E+00  
232.41026,0.00E+00  
232.61421,0.00E+00  
232.81818,0.00E+00  
233.02216,0.00E+00  
233.22614,0.00E+00  
233.43015,0.00E+00  
233.63416,0.00E+00  
233.83818,0.00E+00  
234.04224,0.00E+00  
234.24629,0.00E+00  
234.45036,0.00E+00  
234.65445,0.00E+00  
234.85855,0.00E+00  
235.06267,0.00E+00  
235.26678,0.00E+00  
235.47093,0.00E+00  
235.67509,0.00E+00  
235.87926,0.00E+00  
236.08345,0.00E+00  
236.28764,0.00E+00  
236.49185,0.00E+00  
236.69609,0.00E+00  
236.90033,0.00E+00  
237.10458,0.00E+00  
237.30885,0.00E+00  
237.51314,0.00E+00  
237.71742,0.00E+00  
237.92174,0.00E+00  
238.12607,0.00E+00  
238.33040,0.00E+00  
238.53476,0.00E+00  
238.73912,0.00E+00  
238.94350,0.00E+00  
239.14790,0.00E+00  
239.35231,0.00E+00  
239.55673,0.00E+00  
239.76117,0.00E+00  
239.96562,0.00E+00  
240.17009,0.00E+00  
240.37456,0.00E+00  
240.57906,0.00E+00  
240.78355,0.00E+00  
240.98808,0.00E+00  
241.19261,0.00E+00  
241.39717,0.00E+00  
241.60173,0.00E+00  
241.80630,0.00E+00  
242.01089,0.00E+00  
242.21550,0.00E+00  
242.42012,0.00E+00  
242.62476,0.00E+00  
242.82939,0.00E+00  
243.03406,0.00E+00  
243.23872,0.00E+00  
243.44342,0.00E+00  
243.64812,0.00E+00  
243.85283,0.00E+00  
244.05757,0.00E+00  
244.26231,0.00E+00  
244.46707,0.00E+00  
244.67184,0.00E+00  
244.87663,0.00E+00  
245.08142,0.00E+00  
245.28624,0.00E+00  
245.49106,0.00E+00  
245.69591,0.00E+00  
245.90076,0.00E+00  
246.10564,0.00E+00  
246.31052,0.00E+00  
246.51541,0.00E+00  
246.72032,0.00E+00  
246.92525,0.00E+00  
247.13019,0.00E+00  
247.33514,0.00E+00  
247.54010,0.00E+00  
247.74509,0.00E+00  
247.95007,0.00E+00  
248.15509,0.00E+00  
248.36011,0.00E+00  
248.56514,0.00E+00  
248.77019,0.00E+00  
248.97527,0.00E+00  
249.18033,0.00E+00  
249.38542,0.00E+00  
249.59053,0.00E+00  
249.79565,0.00E+00  
250.00078,0.00E+00  
250.20593,0.00E+00  
250.41109,0.00E+00  
250.61627,0.00E+00  
250.82146,0.00E+00  
251.02666,0.00E+00  
251.23187,0.00E+00  
251.43710,0.00E+00  
251.64235,0.00E+00  
251.84761,0.00E+00  
252.05287,0.00E+00  
252.25816,0.00E+00  
252.46346,0.00E+00  
252.66878,0.00E+00  
252.87410,0.00E+00  
253.07944,0.00E+00  
253.28479,0.00E+00  
253.49016,0.00E+00  
253.69554,0.00E+00  
253.90094,0.00E+00  
254.10635,0.00E+00  
254.31177,0.00E+00  
254.51721,0.00E+00  
254.72266,0.00E+00  
254.92813,0.00E+00  
255.13361,0.00E+00  
255.33910,0.00E+00  
255.54460,0.00E+00  
255.75012,0.00E+00  
255.95566,0.00E+00  
256.16119,0.00E+00  
256.36676,0.00E+00  
256.57233,0.00E+00  
256.77792,0.00E+00  
256.98352,0.00E+00  
257.18915,0.00E+00  
257.39478,0.00E+00  
257.60043,0.00E+00  
257.80609,0.00E+00  
258.01175,0.00E+00  
258.21744,0.00E+00  
258.42313,0.00E+00  
258.62885,0.00E+00  
258.83456,0.00E+00  
259.04031,0.00E+00  
259.24606,0.00E+00  
259.45184,0.00E+00  
259.65762,0.00E+00  
259.86340,0.00E+00  
260.06921,0.00E+00  
260.27505,0.00E+00  
260.48090,0.00E+00  
260.68674,0.00E+00  
260.89261,0.00E+00  
261.09848,0.00E+00  
261.30435,0.00E+00  
261.51028,0.00E+00  
261.71619,0.00E+00  
261.92212,0.00E+00  
262.12808,0.00E+00  
262.33401,0.00E+00  
262.54001,0.00E+00  
262.74600,0.00E+00  
262.95200,0.00E+00  
263.15802,0.00E+00  
263.36404,0.00E+00  
263.57007,0.00E+00  
263.77612,0.00E+00  
263.98221,0.00E+00  
264.18829,0.00E+00  
264.39438,0.00E+00  
264.60049,0.00E+00  
264.80661,0.00E+00  
265.01276,0.00E+00  
265.21890,0.00E+00  
265.42508,0.00E+00  
265.63126,0.00E+00  
265.83743,0.00E+00  
266.04364,0.00E+00  
266.24988,0.00E+00  
266.45612,0.00E+00  
266.66235,0.00E+00  
266.86862,0.00E+00  
267.07489,0.00E+00  
267.28119,0.00E+00  
267.48749,0.00E+00  
267.69379,0.00E+00  
267.90012,0.00E+00  
268.10648,0.00E+00  
268.31284,0.00E+00  
268.51920,0.00E+00  
268.72559,0.00E+00  
268.93198,0.00E+00  
269.13840,0.00E+00  
269.34482,0.00E+00  
269.55124,0.00E+00  
269.75769,0.00E+00  
269.96417,0.00E+00  
270.17065,0.00E+00  
270.37714,0.00E+00  
270.58365,0.00E+00  
270.79016,0.00E+00  
270.99670,0.00E+00  
271.20325,0.00E+00  
271.40979,0.00E+00  
271.61636,0.00E+00  
271.82297,0.00E+00  
272.02957,0.00E+00  
272.23618,0.00E+00  
272.44281,0.00E+00  
272.64944,0.00E+00  
272.85611,0.00E+00  
273.06277,0.00E+00  
273.26947,0.00E+00  
273.47617,0.00E+00  
273.68286,0.00E+00  
273.88959,0.00E+00  
274.09634,0.00E+00  
274.30307,0.00E+00  
274.50986,0.00E+00  
274.71661,0.00E+00  
274.92340,0.00E+00  
275.13022,0.00E+00  
275.33704,0.00E+00  
275.54388,0.00E+00  
275.75073,0.00E+00  
275.95758,0.00E+00  
276.16446,0.00E+00  
276.37134,0.00E+00  
276.57825,0.00E+00  
276.78516,0.00E+00  
276.99207,0.00E+00  
277.19901,0.00E+00  
277.40598,0.00E+00  
277.61295,0.00E+00  
277.81992,0.00E+00  
278.02692,0.00E+00  
278.23392,0.00E+00  
278.44095,0.00E+00  
278.64798,0.00E+00  
278.85504,0.00E+00  
279.06210,0.00E+00  
279.26916,0.00E+00  
279.47626,0.00E+00  
279.68335,0.00E+00  
279.89047,0.00E+00  
280.09760,0.00E+00  
280.30475,0.00E+00  
280.51190,0.00E+00  
280.71909,0.00E+00  
280.92627,0.00E+00  
281.13345,0.00E+00  
281.34067,0.00E+00  
281.54788,0.00E+00  
281.75513,0.00E+00  
281.96237,0.00E+00  
282.16965,0.00E+00  
282.37692,0.00E+00  
282.58423,0.00E+00  
282.79150,0.00E+00  
282.99884,0.00E+00  
283.20618,0.00E+00  
283.41351,0.00E+00  
283.62088,0.00E+00  
283.82825,0.00E+00  
284.03564,0.00E+00  
284.24304,0.00E+00  
284.45044,0.00E+00  
284.65787,0.00E+00  
284.86530,0.00E+00  
285.07275,0.00E+00  
285.28024,0.00E+00  
285.48770,0.00E+00  
285.69519,0.00E+00  
285.90271,0.00E+00  
286.11023,0.00E+00  
286.31775,0.00E+00  
286.52530,0.00E+00  
286.73288,0.00E+00  
286.94043,0.00E+00  
287.14804,0.00E+00  
287.35562,0.00E+00  
287.56323,0.00E+00  
287.77087,0.00E+00  
287.97852,0.00E+00  
288.18616,0.00E+00  
288.39383,0.00E+00  
288.60150,0.00E+00  
288.80920,0.00E+00  
289.01691,0.00E+00  
289.22464,0.00E+00  
289.43237,0.00E+00  
289.64011,0.00E+00  
289.84787,0.00E+00  
290.05566,0.00E+00  
290.26346,0.00E+00  
290.47125,0.00E+00  
290.67905,0.00E+00  
290.88690,0.00E+00  
291.09473,0.00E+00  
291.30258,0.00E+00  
291.51044,0.00E+00  
291.71832,0.00E+00  
291.92624,0.00E+00  
292.13412,0.00E+00  
292.34207,0.00E+00  
292.54999,0.00E+00  
292.75793,0.00E+00  
292.96591,0.00E+00  
293.17389,0.00E+00  
293.38187,0.00E+00  
293.58987,0.00E+00  
293.79788,0.00E+00  
294.00592,0.00E+00  
294.21396,0.00E+00  
294.42200,0.00E+00  
294.63007,0.00E+00  
294.83817,0.00E+00  
295.04626,0.00E+00  
295.25436,0.00E+00  
295.46249,0.00E+00  
295.67062,0.00E+00  
295.87875,0.00E+00  
296.08691,0.00E+00  
296.29510,0.00E+00  
296.50330,0.00E+00  
296.71149,0.00E+00  
296.91971,0.00E+00  
297.12793,0.00E+00  
297.33618,0.00E+00  
297.54443,0.00E+00  
297.75269,0.00E+00  
297.96097,0.00E+00  
298.16928,0.00E+00  
298.37759,0.00E+00  
298.58591,0.00E+00  
298.79422,0.00E+00  
299.00259,0.00E+00  
299.21094,0.00E+00  
299.41931,0.00E+00  
299.62772,0.00E+00  
299.83609,0.00E+00  
300.04453,0.00E+00  
300.25296,0.00E+00  
300.46140,0.00E+00  
300.66983,0.00E+00  
300.87830,0.00E+00  
301.08679,0.00E+00  
301.29529,0.00E+00  
301.50378,0.00E+00  
301.71231,0.00E+00  
301.92084,0.00E+00  
302.12939,0.00E+00  
302.33795,0.00E+00  
302.54651,0.00E+00  
302.75510,0.00E+00  
302.96371,0.00E+00  
303.17230,0.00E+00  
303.38095,0.00E+00  
303.58957,0.00E+00  
303.79822,0.00E+00  
304.00690,0.00E+00  
304.21558,0.00E+00  
304.42426,0.00E+00  
304.63297,0.00E+00  
304.84167,0.00E+00  
305.05041,0.00E+00  
305.25916,0.00E+00  
305.46793,0.00E+00  
305.67670,0.00E+00  
305.88547,0.00E+00  
306.09427,0.00E+00  
306.30307,0.00E+00  
306.51190,0.00E+00  
306.72073,0.00E+00  
306.92960,0.00E+00  
307.13846,0.00E+00  
307.34732,0.00E+00  
307.55621,0.00E+00  
307.76514,0.00E+00  
307.97403,0.00E+00  
308.18295,0.00E+00  
308.39191,0.00E+00  
308.60086,0.00E+00  
308.80985,0.00E+00  
309.01880,0.00E+00  
309.22781,0.00E+00  
309.43683,0.00E+00  
309.64584,0.00E+00  
309.85486,0.00E+00  
310.06390,0.00E+00  
310.27298,0.00E+00  
310.48206,0.00E+00  
310.69113,0.00E+00  
310.90024,0.00E+00  
311.10934,0.00E+00  
311.31848,0.00E+00  
311.52762,0.00E+00  
311.73676,0.00E+00  
311.94592,0.00E+00  
312.15512,0.00E+00  
312.36429,0.00E+00  
312.57352,0.00E+00  
312.78271,0.00E+00  
312.99194,0.00E+00  
313.20120,0.00E+00  
313.41046,0.00E+00  
313.61972,0.00E+00  
313.82901,0.00E+00  
314.03830,0.00E+00  
314.24762,0.00E+00  
314.45694,0.00E+00  
314.66626,0.00E+00  
314.87561,0.00E+00  
315.08499,0.00E+00  
315.29437,0.00E+00  
315.50375,0.00E+00  
315.71313,0.00E+00  
315.92255,0.00E+00  
316.13199,0.00E+00  
316.34143,0.00E+00  
316.55087,0.00E+00  
316.76035,0.00E+00  
316.96982,0.00E+00  
317.17932,0.00E+00  
317.38882,0.00E+00  
317.59833,0.00E+00  
317.80786,0.00E+00  
318.01743,0.00E+00  
318.22696,0.00E+00  
318.43655,0.00E+00  
318.64612,0.00E+00  
318.85571,0.00E+00  
319.06534,0.00E+00  
319.27496,0.00E+00  
319.48459,0.00E+00  
319.69424,0.00E+00  
319.90390,0.00E+00  
320.11359,0.00E+00  
320.32327,0.00E+00  
320.53296,0.00E+00  
320.74268,0.00E+00  
320.95239,0.00E+00  
321.16214,0.00E+00  
321.37189,0.00E+00  
321.58166,0.00E+00  
321.79144,0.00E+00  
322.00122,0.00E+00  
322.21103,0.00E+00  
322.42087,0.00E+00  
322.63068,0.00E+00  
322.84055,0.00E+00  
323.05038,0.00E+00  
323.26025,0.00E+00  
323.47015,0.00E+00  
323.68002,0.00E+00  
323.88995,0.00E+00  
324.09985,0.00E+00  
324.30981,0.00E+00  
324.51974,0.00E+00  
324.72971,0.00E+00  
324.93970,0.00E+00  
325.14966,0.00E+00  
325.35968,0.00E+00  
325.56967,0.00E+00  
325.77969,0.00E+00  
325.98975,0.00E+00  
326.19980,0.00E+00  
326.40985,0.00E+00  
326.61993,0.00E+00  
326.83002,0.00E+00  
327.04013,0.00E+00  
327.25024,0.00E+00  
327.46039,0.00E+00  
327.67050,0.00E+00  
327.88068,0.00E+00  
328.09085,0.00E+00  
328.30103,0.00E+00  
328.51120,0.00E+00  
328.72141,0.00E+00  
328.93164,0.00E+00  
329.14188,0.00E+00  
329.35211,0.00E+00  
329.56238,0.00E+00  
329.77264,0.00E+00  
329.98291,0.00E+00  
330.19321,0.00E+00  
330.40353,0.00E+00  
330.61386,0.00E+00  
330.82419,0.00E+00  
331.03455,0.00E+00  
331.24490,0.00E+00  
331.45526,0.00E+00  
331.66565,0.00E+00  
331.87607,0.00E+00  
332.08646,0.00E+00  
332.29691,0.00E+00  
332.50732,0.00E+00  
332.71777,0.00E+00  
332.92825,0.00E+00  
333.13873,0.00E+00  
333.34921,0.00E+00  
333.55972,0.00E+00  
333.77023,0.00E+00  
333.98077,0.00E+00  
334.19131,0.00E+00  
334.40186,0.00E+00  
334.61243,0.00E+00  
334.82300,0.00E+00  
335.03360,0.00E+00  
335.24420,0.00E+00  
335.45483,0.00E+00  
335.66544,0.00E+00  
335.87610,0.00E+00  
336.08676,0.00E+00  
336.29742,0.00E+00  
336.50812,0.00E+00  
336.71881,0.00E+00  
336.92950,0.00E+00  
337.14023,0.00E+00  
337.35095,0.00E+00  
337.56171,0.00E+00  
337.77246,0.00E+00  
337.98325,0.00E+00  
338.19403,0.00E+00  
338.40482,0.00E+00  
338.61563,0.00E+00  
338.82645,0.00E+00  
339.03729,0.00E+00  
339.24814,0.00E+00  
339.45901,0.00E+00  
339.66986,0.00E+00  
339.88077,0.00E+00  
340.09167,0.00E+00  
340.30258,0.00E+00  
340.51349,0.00E+00  
340.72443,0.00E+00  
340.93539,0.00E+00  
341.14636,0.00E+00  
341.35733,0.00E+00  
341.56833,0.00E+00  
341.77933,0.00E+00  
341.99033,0.00E+00  
342.20135,0.00E+00  
342.41241,0.00E+00  
342.62344,0.00E+00  
342.83453,0.00E+00  
343.04559,0.00E+00  
343.25668,0.00E+00  
343.46780,0.00E+00  
343.67892,0.00E+00  
343.89005,0.00E+00  
344.10120,0.00E+00  
344.31235,0.00E+00  
344.52350,0.00E+00  
344.73468,0.00E+00  
344.94589,0.00E+00  
345.15707,0.00E+00  
345.36832,0.00E+00  
345.57953,0.00E+00  
345.79077,0.00E+00  
346.00204,0.00E+00  
346.21332,0.00E+00  
346.42459,0.00E+00  
346.63589,0.00E+00  
346.84720,0.00E+00  
347.05850,0.00E+00  
347.26984,0.00E+00  
347.48120,0.00E+00  
347.69254,0.00E+00  
347.90393,0.00E+00  
348.11530,0.00E+00  
348.32669,0.00E+00  
348.53812,0.00E+00  
348.74954,0.00E+00  
348.96097,0.00E+00  
349.17242,0.00E+00  
349.38388,0.00E+00  
349.59534,0.00E+00  
349.80682,0.00E+00  
350.01831,0.00E+00  
350.22983,0.00E+00  
350.44135,0.00E+00  
350.65289,0.00E+00  
350.86444,0.00E+00  
351.07599,0.00E+00  
351.28757,0.00E+00  
351.49918,0.00E+00  
351.71075,0.00E+00  
351.92236,0.00E+00  
352.13400,0.00E+00  
352.34564,0.00E+00  
352.55728,0.00E+00  
352.76895,0.00E+00  
352.98062,0.00E+00  
353.19232,0.00E+00  
353.40399,0.00E+00  
353.61572,0.00E+00  
353.82745,0.00E+00  
354.03918,0.00E+00  
354.25095,0.00E+00  
354.46271,0.00E+00  
354.67447,0.00E+00  
354.88626,0.00E+00  
355.09805,0.00E+00  
355.30988,0.00E+00  
355.52170,0.00E+00  
355.73355,0.00E+00  
355.94540,0.00E+00  
356.15726,0.00E+00  
356.36914,0.00E+00  
356.58102,0.00E+00  
356.79291,0.00E+00  
357.00482,0.00E+00  
357.21677,0.00E+00  
357.42871,0.00E+00  
357.64066,0.00E+00  
357.85263,0.00E+00  
358.06461,0.00E+00  
358.27658,0.00E+00  
358.48859,0.00E+00  
358.70059,0.00E+00  
358.91263,0.00E+00  
359.12466,0.00E+00  
359.33673,0.00E+00  
359.54880,0.00E+00  
359.76086,0.00E+00  
359.97296,0.00E+00  
360.18506,0.00E+00  
360.39716,0.00E+00  
360.60928,0.00E+00  
360.82144,0.00E+00  
361.03360,0.00E+00  
361.24576,0.00E+00  
361.45795,0.00E+00  
361.67014,0.00E+00  
361.88232,0.00E+00  
362.09454,0.00E+00  
362.30676,0.00E+00  
362.51901,0.00E+00  
362.73126,0.00E+00  
362.94351,0.00E+00  
363.15579,0.00E+00  
363.36810,0.00E+00  
363.58038,0.00E+00  
363.79272,0.00E+00  
364.00504,0.00E+00  
364.21738,0.00E+00  
364.42975,0.00E+00  
364.64209,0.00E+00  
364.85449,0.00E+00  
365.06686,0.00E+00  
365.27927,0.00E+00  
365.49170,0.00E+00  
365.70410,0.00E+00  
365.91656,0.00E+00  
366.12900,0.00E+00  
366.34146,0.00E+00  
366.55396,0.00E+00  
366.76645,0.00E+00  
366.97894,0.00E+00  
367.19147,0.00E+00  
367.40399,0.00E+00  
367.61652,0.00E+00  
367.82907,0.00E+00  
368.04163,0.00E+00  
368.25421,0.00E+00  
368.46680,0.00E+00  
368.67941,0.00E+00  
368.89203,0.00E+00  
369.10464,0.00E+00  
369.31729,0.00E+00  
369.52994,0.00E+00  
369.74261,0.00E+00  
369.95529,0.00E+00  
370.16797,0.00E+00  
370.38068,0.00E+00  
370.59338,0.00E+00  
370.80612,0.00E+00  
371.01886,0.00E+00  
371.23160,0.00E+00  
371.44437,0.00E+00  
371.65713,0.00E+00  
371.86993,0.00E+00  
372.08273,0.00E+00  
372.29556,0.00E+00  
372.50836,0.00E+00  
372.72122,0.00E+00  
372.93405,0.00E+00  
373.14691,0.00E+00  
373.35980,0.00E+00  
373.57269,0.00E+00  
373.78558,0.00E+00  
373.99850,0.00E+00  
374.21143,0.00E+00  
374.42435,0.00E+00  
374.63730,0.00E+00  
374.85028,0.00E+00  
375.06323,0.00E+00  
375.27625,0.00E+00  
375.48923,0.00E+00  
375.70224,0.00E+00  
375.91528,0.00E+00  
376.12830,0.00E+00  
376.34134,0.00E+00  
376.55441,0.00E+00  
376.76749,0.00E+00  
376.98056,0.00E+00  
377.19366,0.00E+00  
377.40677,0.00E+00  
377.61990,0.00E+00  
377.83304,0.00E+00  
378.04617,0.00E+00  
378.25934,0.00E+00  
378.47250,0.00E+00  
378.68570,0.00E+00  
378.89890,0.00E+00  
379.11209,0.00E+00  
379.32532,0.00E+00  
379.53854,0.00E+00  
379.75180,0.00E+00  
379.96506,0.00E+00  
380.17834,0.00E+00  
380.39160,0.00E+00  
380.60492,0.00E+00  
380.81821,0.00E+00  
381.03152,0.00E+00  
381.24487,0.00E+00  
381.45822,0.00E+00  
381.67157,0.00E+00  
381.88495,0.00E+00  
382.09833,0.00E+00  
382.31171,0.00E+00  
382.52512,0.00E+00  
382.73853,0.00E+00  
382.95197,0.00E+00  
383.16541,0.00E+00  
383.37888,0.00E+00  
383.59232,0.00E+00  
383.80582,0.00E+00  
384.01929,0.00E+00  
384.23282,0.00E+00  
384.44632,0.00E+00  
384.65985,0.00E+00  
384.87338,0.00E+00  
385.08694,0.00E+00  
385.30051,0.00E+00  
385.51407,0.00E+00  
385.72766,0.00E+00  
385.94128,0.00E+00  
386.15488,0.00E+00  
386.36850,0.00E+00  
386.58215,0.00E+00  
386.79581,0.00E+00  
387.00946,0.00E+00  
387.22314,0.00E+00  
387.43683,0.00E+00  
387.65051,0.00E+00  
387.86423,0.00E+00  
388.07797,0.00E+00  
388.29169,0.00E+00  
388.50546,0.00E+00  
388.71921,0.00E+00  
388.93298,0.00E+00  
389.14676,0.00E+00  
389.36057,0.00E+00  
389.57437,0.00E+00  
389.78821,0.00E+00  
390.00201,0.00E+00  
390.21588,0.00E+00  
390.42972,0.00E+00  
390.64362,0.00E+00  
390.85748,0.00E+00  
391.07138,0.00E+00  
391.28528,0.00E+00  
391.49921,0.00E+00  
391.71313,0.00E+00  
391.92709,0.00E+00  
392.14102,0.00E+00  
392.35501,0.00E+00  
392.56897,0.00E+00  
392.78299,0.00E+00  
392.99698,0.00E+00  
393.21100,0.00E+00  
393.42502,0.00E+00  
393.63907,0.00E+00  
393.85312,0.00E+00  
394.06717,0.00E+00  
394.28125,0.00E+00  
394.49536,0.00E+00  
394.70944,0.00E+00  
394.92355,0.00E+00  
395.13770,0.00E+00  
395.35184,0.00E+00  
395.56598,0.00E+00  
395.78015,0.00E+00  
395.99432,0.00E+00  
396.20850,0.00E+00  
396.42270,0.00E+00  
396.63690,0.00E+00  
396.85114,0.00E+00  
397.06537,0.00E+00  
397.27960,0.00E+00  
397.49387,0.00E+00  
397.70813,0.00E+00  
397.92242,0.00E+00  
398.13672,0.00E+00  
398.35101,0.00E+00  
398.56534,0.00E+00  
398.77966,0.00E+00  
398.99402,0.00E+00  
399.20837,0.00E+00  
399.42273,0.00E+00  
399.63712,0.00E+00  
399.85150,0.00E+00  
400.06592,1.02E-01  
400.28033,7.87E-02  
400.49475,1.38E-01  
400.70920,7.38E-02  
400.92365,1.34E-01  
401.13812,1.03E-01  
401.35260,1.34E-01  
401.56708,8.63E-02  
401.78159,1.27E-01  
401.99609,1.10E-01  
402.21063,1.24E-01  
402.42517,8.50E-02  
402.63971,1.34E-01  
402.85428,9.30E-02  
403.06885,1.62E-01  
403.28342,1.06E-01  
403.49802,1.78E-01  
403.71265,1.04E-01  
403.92725,1.27E-01  
404.14188,1.35E-01  
404.35654,1.71E-01  
404.57120,1.26E-01  
404.78586,1.35E-01  
405.00055,1.34E-01  
405.21524,1.44E-01  
405.42993,1.44E-01  
405.64465,1.50E-01  
405.85938,1.31E-01  
406.07413,2.00E-01  
406.28888,1.68E-01  
406.50363,1.69E-01  
406.71841,2.00E-01  
406.93320,1.77E-01  
407.14801,1.98E-01  
407.36282,2.10E-01  
407.57764,2.22E-01  
407.79248,1.97E-01  
408.00732,2.19E-01  
408.22220,2.41E-01  
408.43707,2.38E-01  
408.65195,2.16E-01  
408.86685,2.59E-01  
409.08176,2.39E-01  
409.29669,2.78E-01  
409.51160,2.66E-01  
409.72656,2.68E-01  
409.94150,2.80E-01  
410.15649,3.35E-01  
410.37146,3.05E-01  
410.58646,3.07E-01  
410.80145,3.32E-01  
411.01648,3.65E-01  
411.23151,3.42E-01  
411.44653,3.67E-01  
411.66159,3.85E-01  
411.87665,3.71E-01  
412.09174,3.87E-01  
412.30682,4.72E-01  
412.52191,4.12E-01  
412.73703,4.92E-01  
412.95215,4.56E-01  
413.16730,5.23E-01  
413.38245,5.11E-01  
413.59760,5.33E-01  
413.81277,5.62E-01  
414.02795,5.54E-01  
414.24316,5.32E-01  
414.45837,6.16E-01  
414.67358,5.99E-01  
414.88882,6.44E-01  
415.10406,6.46E-01  
415.31931,6.74E-01  
415.53458,7.40E-01  
415.74985,7.36E-01  
415.96515,7.37E-01  
416.18045,7.98E-01  
416.39575,8.09E-01  
416.61108,8.81E-01  
416.82642,8.62E-01  
417.04178,9.38E-01  
417.25714,9.62E-01  
417.47250,1.00E+00  
417.68790,1.03E+00  
417.90329,1.08E+00  
418.11871,1.09E+00  
418.33414,1.17E+00  
418.54956,1.19E+00  
418.76501,1.26E+00  
418.98047,1.23E+00  
419.19592,1.33E+00  
419.41141,1.35E+00  
419.62689,1.42E+00  
419.84241,1.45E+00  
420.05792,1.47E+00  
420.27344,1.52E+00  
420.48898,1.55E+00  
420.70453,1.62E+00  
420.92010,1.65E+00  
421.13568,1.72E+00  
421.35126,1.80E+00  
421.56686,1.81E+00  
421.78247,1.89E+00  
421.99811,1.87E+00  
422.21375,1.95E+00  
422.42938,2.06E+00  
422.64505,2.09E+00  
422.86072,2.11E+00  
423.07639,2.20E+00  
423.29208,2.28E+00  
423.50778,2.32E+00  
423.72351,2.43E+00  
423.93924,2.48E+00  
424.15497,2.49E+00  
424.37073,2.58E+00  
424.58649,2.68E+00  
424.80228,2.79E+00  
425.01807,2.88E+00  
425.23386,2.95E+00  
425.44968,2.99E+00  
425.66550,3.09E+00  
425.88132,3.18E+00  
426.09717,3.24E+00  
426.31302,3.35E+00  
426.52890,3.47E+00  
426.74478,3.59E+00  
426.96066,3.73E+00  
427.17657,3.79E+00  
427.39249,3.88E+00  
427.60843,3.99E+00  
427.82437,4.10E+00  
428.04031,4.19E+00  
428.25629,4.34E+00  
428.47226,4.39E+00  
428.68823,4.48E+00  
428.90424,4.55E+00  
429.12027,4.80E+00  
429.33627,4.79E+00  
429.55231,4.95E+00  
429.76837,5.02E+00  
429.98441,5.13E+00  
430.20050,5.23E+00  
430.41656,5.38E+00  
430.63266,5.52E+00  
430.84875,5.58E+00  
431.06488,5.67E+00  
431.28101,5.83E+00  
431.49716,5.94E+00  
431.71332,6.07E+00  
431.92947,6.21E+00  
432.14563,6.30E+00  
432.36182,6.41E+00  
432.57803,6.56E+00  
432.79425,6.66E+00  
433.01047,6.81E+00  
433.22668,6.79E+00  
433.44293,6.98E+00  
433.65921,7.11E+00  
433.87546,7.21E+00  
434.09174,7.43E+00  
434.30804,7.49E+00  
434.52435,7.63E+00  
434.74066,7.77E+00  
434.95697,7.90E+00  
435.17331,8.15E+00  
435.38968,8.22E+00  
435.60605,8.28E+00  
435.82242,8.52E+00  
436.03879,8.64E+00  
436.25519,8.92E+00  
436.47159,8.96E+00  
436.68802,9.12E+00  
436.90445,9.40E+00  
437.12091,9.49E+00  
437.33734,9.73E+00  
437.55383,9.91E+00  
437.77029,1.01E+01  
437.98679,1.02E+01  
438.20328,1.04E+01  
438.41980,1.06E+01  
438.63632,1.07E+01  
438.85287,1.08E+01  
439.06943,1.10E+01  
439.28598,1.12E+01  
439.50253,1.14E+01  
439.71912,1.16E+01  
439.93573,1.18E+01  
440.15234,1.20E+01  
440.36896,1.22E+01  
440.58557,1.24E+01  
440.80222,1.25E+01  
441.01886,1.26E+01  
441.23553,1.28E+01  
441.45221,1.30E+01  
441.66891,1.31E+01  
441.88559,1.32E+01  
442.10229,1.34E+01  
442.31903,1.35E+01  
442.53577,1.36E+01  
442.75250,1.37E+01  
442.96927,1.39E+01  
443.18604,1.40E+01  
443.40283,1.41E+01  
443.61960,1.41E+01  
443.83643,1.43E+01  
444.05322,1.43E+01  
444.27005,1.43E+01  
444.48691,1.42E+01  
444.70374,1.42E+01  
444.92059,1.43E+01  
445.13748,1.43E+01  
445.35437,1.42E+01  
445.57126,1.41E+01  
445.78818,1.41E+01  
446.00510,1.40E+01  
446.22202,1.39E+01  
446.43896,1.38E+01  
446.65591,1.37E+01  
446.87286,1.36E+01  
447.08984,1.35E+01  
447.30685,1.32E+01  
447.52383,1.31E+01  
447.74084,1.30E+01  
447.95789,1.26E+01  
448.17490,1.25E+01  
448.39197,1.23E+01  
448.60901,1.21E+01  
448.82608,1.19E+01  
449.04315,1.16E+01  
449.26025,1.14E+01  
449.47736,1.12E+01  
449.69446,1.09E+01  
449.91159,1.06E+01  
450.12872,1.04E+01  
450.34589,1.01E+01  
450.56305,9.90E+00  
450.78021,9.64E+00  
450.99741,9.35E+00  
451.21460,9.16E+00  
451.43179,8.84E+00  
451.64902,8.70E+00  
451.86624,8.37E+00  
452.08350,8.14E+00  
452.30075,7.91E+00  
452.51801,7.71E+00  
452.73529,7.54E+00  
452.95258,7.33E+00  
453.16986,7.03E+00  
453.38718,6.87E+00  
453.60449,6.69E+00  
453.82184,6.61E+00  
454.03918,6.35E+00  
454.25653,6.26E+00  
454.47391,6.03E+00  
454.69128,5.87E+00  
454.90866,5.76E+00  
455.12607,5.63E+00  
455.34348,5.44E+00  
455.56091,5.37E+00  
455.77835,5.20E+00  
455.99579,5.22E+00  
456.21326,5.00E+00  
456.43073,4.95E+00  
456.64819,4.82E+00  
456.86569,4.73E+00  
457.08319,4.63E+00  
457.30072,4.63E+00  
457.51825,4.50E+00  
457.73578,4.47E+00  
457.95334,4.35E+00  
458.17090,4.38E+00  
458.38846,4.27E+00  
458.60605,4.22E+00  
458.82364,4.12E+00  
459.04126,4.13E+00  
459.25888,4.05E+00  
459.47650,3.93E+00  
459.69415,3.95E+00  
459.91180,3.92E+00  
460.12946,3.86E+00  
460.34714,3.76E+00  
460.56482,3.70E+00  
460.78253,3.68E+00  
461.00021,3.61E+00  
461.21796,3.59E+00  
461.43567,3.45E+00  
461.65341,3.46E+00  
461.87119,3.35E+00  
462.08896,3.26E+00  
462.30673,3.20E+00  
462.52451,3.14E+00  
462.74231,3.09E+00  
462.96011,3.04E+00  
463.17795,2.99E+00  
463.39578,2.92E+00  
463.61362,2.82E+00  
463.83148,2.80E+00  
464.04935,2.76E+00  
464.26724,2.65E+00  
464.48514,2.62E+00  
464.70303,2.56E+00  
464.92093,2.48E+00  
465.13885,2.44E+00  
465.35681,2.38E+00  
465.57474,2.29E+00  
465.79269,2.28E+00  
466.01068,2.21E+00  
466.22867,2.17E+00  
466.44666,2.11E+00  
466.66464,2.07E+00  
466.88266,2.01E+00  
467.10071,1.95E+00  
467.31873,1.92E+00  
467.53677,1.90E+00  
467.75485,1.84E+00  
467.97293,1.82E+00  
468.19101,1.77E+00  
468.40909,1.77E+00  
468.62720,1.71E+00  
468.84531,1.69E+00  
469.06345,1.67E+00  
469.28159,1.65E+00  
469.49973,1.59E+00  
469.71790,1.59E+00  
469.93607,1.54E+00  
470.15427,1.53E+00  
470.37247,1.48E+00  
470.59067,1.51E+00  
470.80887,1.47E+00  
471.02710,1.49E+00  
471.24536,1.42E+00  
471.46359,1.43E+00  
471.68185,1.39E+00  
471.90015,1.39E+00  
472.11844,1.38E+00  
472.33673,1.37E+00  
472.55502,1.37E+00  
472.77335,1.34E+00  
472.99170,1.29E+00  
473.21002,1.32E+00  
473.42838,1.28E+00  
473.64676,1.30E+00  
473.86511,1.28E+00  
474.08350,1.27E+00  
474.30191,1.25E+00  
474.52032,1.28E+00  
474.73874,1.21E+00  
474.95718,1.27E+00  
475.17560,1.24E+00  
475.39407,1.23E+00  
475.61252,1.20E+00  
475.83102,1.21E+00  
476.04950,1.18E+00  
476.26801,1.20E+00  
476.48651,1.18E+00  
476.70502,1.17E+00  
476.92355,1.17E+00  
477.14212,1.16E+00  
477.36066,1.16E+00  
477.57922,1.15E+00  
477.79779,1.16E+00  
478.01639,1.16E+00  
478.23499,1.11E+00  
478.45361,1.12E+00  
478.67224,1.13E+00  
478.89087,1.13E+00  
479.10950,1.10E+00  
479.32816,1.14E+00  
479.54681,1.10E+00  
479.76550,1.10E+00  
479.98419,1.10E+00  
480.20288,1.11E+00  
480.42160,1.08E+00  
480.64032,1.12E+00  
480.85907,1.11E+00  
481.07782,1.14E+00  
481.29657,1.11E+00  
481.51532,1.15E+00  
481.73410,1.11E+00  
481.95291,1.18E+00  
482.17169,1.15E+00  
482.39050,1.16E+00  
482.60934,1.17E+00  
482.82816,1.19E+00  
483.04700,1.18E+00  
483.26587,1.19E+00  
483.48474,1.19E+00  
483.70361,1.20E+00  
483.92252,1.17E+00  
484.14139,1.20E+00  
484.36032,1.20E+00  
484.57922,1.20E+00  
484.79816,1.17E+00  
485.01712,1.20E+00  
485.23608,1.16E+00  
485.45505,1.21E+00  
485.67401,1.15E+00  
485.89301,1.19E+00  
486.11200,1.20E+00  
486.33102,1.22E+00  
486.55005,1.17E+00  
486.76907,1.21E+00  
486.98813,1.21E+00  
487.20718,1.20E+00  
487.42624,1.20E+00  
487.64532,1.17E+00  
487.86441,1.19E+00  
488.08350,1.19E+00  
488.30261,1.17E+00  
488.52173,1.21E+00  
488.74088,1.19E+00  
488.96002,1.18E+00  
489.17917,1.20E+00  
489.39835,1.20E+00  
489.61752,1.21E+00  
489.83670,1.26E+00  
490.05591,1.21E+00  
490.27512,1.25E+00  
490.49435,1.28E+00  
490.71356,1.28E+00  
490.93283,1.32E+00  
491.15207,1.35E+00  
491.37134,1.37E+00  
491.59061,1.40E+00  
491.80991,1.45E+00  
492.02921,1.47E+00  
492.24850,1.54E+00  
492.46783,1.57E+00  
492.68716,1.57E+00  
492.90649,1.64E+00  
493.12585,1.64E+00  
493.34521,1.71E+00  
493.56461,1.71E+00  
493.78400,1.75E+00  
494.00339,1.78E+00  
494.22278,1.81E+00  
494.44220,1.85E+00  
494.66165,1.86E+00  
494.88107,1.89E+00  
495.10052,1.92E+00  
495.32001,1.97E+00  
495.53949,1.93E+00  
495.75897,1.98E+00  
495.97845,2.03E+00  
496.19797,2.05E+00  
496.41748,2.05E+00  
496.63702,2.12E+00  
496.85657,2.16E+00  
497.07611,2.14E+00  
497.29565,2.21E+00  
497.51523,2.20E+00  
497.73483,2.22E+00  
497.95441,2.26E+00  
498.17401,2.30E+00  
498.39365,2.33E+00  
498.61328,2.39E+00  
498.83292,2.42E+00  
499.05255,2.41E+00  
499.27222,2.44E+00  
499.49188,2.50E+00  
499.71158,2.53E+00  
499.93127,2.56E+00  
500.15097,2.57E+00  
500.37070,2.62E+00  
500.59042,2.65E+00  
500.81015,2.72E+00  
501.02991,2.76E+00  
501.24966,2.75E+00  
501.46942,2.85E+00  
501.68921,2.84E+00  
501.90900,2.93E+00  
502.12881,2.94E+00  
502.34863,2.99E+00  
502.56845,3.03E+00  
502.78827,3.09E+00  
503.00812,3.10E+00  
503.22800,3.13E+00  
503.44785,3.10E+00  
503.66772,3.19E+00  
503.88763,3.24E+00  
504.10751,3.25E+00  
504.32742,3.34E+00  
504.54736,3.33E+00  
504.76730,3.36E+00  
504.98724,3.41E+00  
505.20718,3.45E+00  
505.42715,3.50E+00  
505.64713,3.50E+00  
505.86713,3.54E+00  
506.08713,3.61E+00  
506.30713,3.62E+00  
506.52716,3.68E+00  
506.74719,3.72E+00  
506.96722,3.80E+00  
507.18729,3.78E+00  
507.40735,3.84E+00  
507.62741,3.86E+00  
507.84750,3.91E+00  
508.06760,3.99E+00  
508.28769,4.04E+00  
508.50781,4.07E+00  
508.72794,4.12E+00  
508.94809,4.17E+00  
509.16824,4.21E+00  
509.38840,4.18E+00  
509.60858,4.26E+00  
509.82877,4.31E+00  
510.04895,4.32E+00  
510.26913,4.38E+00  
510.48935,4.44E+00  
510.70959,4.44E+00  
510.92984,4.48E+00  
511.15009,4.44E+00  
511.37033,4.49E+00  
511.59061,4.59E+00  
511.81088,4.62E+00  
512.03119,4.68E+00  
512.25146,4.66E+00  
512.47180,4.73E+00  
512.69214,4.81E+00  
512.91241,4.82E+00  
513.13281,4.83E+00  
513.35315,4.86E+00  
513.57349,4.84E+00  
513.79388,4.92E+00  
514.01428,4.99E+00  
514.23468,4.98E+00  
514.45508,5.06E+00  
514.67548,5.08E+00  
514.89594,5.11E+00  
515.11639,5.17E+00  
515.33685,5.18E+00  
515.55731,5.21E+00  
515.77777,5.32E+00  
515.99823,5.31E+00  
516.21875,5.34E+00  
516.43927,5.42E+00  
516.65979,5.40E+00  
516.88031,5.43E+00  
517.10083,5.47E+00  
517.32141,5.49E+00  
517.54193,5.57E+00  
517.76251,5.53E+00  
517.98309,5.67E+00  
518.20367,5.71E+00  
518.42432,5.70E+00  
518.64490,5.78E+00  
518.86554,5.75E+00  
519.08618,5.83E+00  
519.30682,5.85E+00  
519.52747,5.89E+00  
519.74811,5.87E+00  
519.96881,5.88E+00  
520.18951,5.90E+00  
520.41022,5.92E+00  
520.63092,5.94E+00  
520.85162,5.97E+00  
521.07233,5.97E+00  
521.29309,6.02E+00  
521.51386,5.99E+00  
521.73462,6.07E+00  
521.95538,6.08E+00  
522.17615,6.08E+00  
522.39697,6.09E+00  
522.61774,6.16E+00  
522.83856,6.16E+00  
523.05939,6.20E+00  
523.28027,6.20E+00  
523.50110,6.17E+00  
523.72198,6.22E+00  
523.94281,6.25E+00  
524.16370,6.22E+00  
524.38458,6.26E+00  
524.60547,6.22E+00  
524.82642,6.24E+00  
525.04736,6.24E+00  
525.26825,6.34E+00  
525.48920,6.35E+00  
525.71014,6.36E+00  
525.93115,6.46E+00  
526.15210,6.43E+00  
526.37311,6.42E+00  
526.59412,6.41E+00  
526.81512,6.36E+00  
527.03613,6.38E+00  
527.25714,6.38E+00  
527.47821,6.44E+00  
527.69922,6.48E+00  
527.92029,6.50E+00  
528.14136,6.50E+00  
528.36243,6.48E+00  
528.58356,6.59E+00  
528.80463,6.59E+00  
529.02576,6.55E+00  
529.24689,6.58E+00  
529.46802,6.65E+00  
529.68915,6.69E+00  
529.91034,6.72E+00  
530.13147,6.74E+00  
530.35266,6.77E+00  
530.57385,6.83E+00  
530.79504,6.82E+00  
531.01624,6.79E+00  
531.23749,6.81E+00  
531.45874,6.86E+00  
531.67993,6.84E+00  
531.90118,6.89E+00  
532.12250,6.85E+00  
532.34375,6.89E+00  
532.56500,6.85E+00  
532.78632,6.89E+00  
533.00763,6.90E+00  
533.22894,6.93E+00  
533.45026,6.81E+00  
533.67157,6.90E+00  
533.89294,6.91E+00  
534.11432,6.91E+00  
534.33569,6.89E+00  
534.55707,6.95E+00  
534.77844,6.92E+00  
534.99982,6.89E+00  
535.22125,6.96E+00  
535.44269,6.95E+00  
535.66412,6.93E+00  
535.88556,6.93E+00  
536.10699,6.98E+00  
536.32843,6.95E+00  
536.54993,7.00E+00  
536.77142,7.01E+00  
536.99292,6.96E+00  
537.21442,6.94E+00  
537.43591,6.99E+00  
537.65747,7.02E+00  
537.87897,6.99E+00  
538.10052,6.98E+00  
538.32208,6.96E+00  
538.54364,7.01E+00  
538.76526,7.02E+00  
538.98682,7.01E+00  
539.20844,6.98E+00  
539.43005,6.99E+00  
539.65167,7.03E+00  
539.87329,7.04E+00  
540.09491,7.03E+00  
540.31659,7.02E+00  
540.53821,7.00E+00  
540.75989,7.11E+00  
540.98157,7.04E+00  
541.20325,7.09E+00  
541.42499,7.06E+00  
541.64667,7.12E+00  
541.86841,7.11E+00  
542.09015,7.16E+00  
542.31189,7.10E+00  
542.53363,7.12E+00  
542.75543,7.13E+00  
542.97717,7.19E+00  
543.19897,7.15E+00  
543.42078,7.15E+00  
543.64258,7.16E+00  
543.86438,7.18E+00  
544.08624,7.22E+00  
544.30804,7.22E+00  
544.52991,7.23E+00  
544.75177,7.27E+00  
544.97363,7.22E+00  
545.19556,7.26E+00  
545.41742,7.17E+00  
545.63934,7.18E+00  
545.86127,7.20E+00  
546.08319,7.18E+00  
546.30511,7.16E+00  
546.52704,7.14E+00  
546.74896,7.16E+00  
546.97095,7.18E+00  
547.19293,7.17E+00  
547.41492,7.19E+00  
547.63690,7.14E+00  
547.85889,7.14E+00  
548.08093,7.11E+00  
548.30298,7.16E+00  
548.52502,7.14E+00  
548.74707,7.23E+00  
548.96912,7.18E+00  
549.19116,7.18E+00  
549.41327,7.15E+00  
549.63531,7.17E+00  
549.85742,7.16E+00  
550.07953,7.18E+00  
550.30164,7.14E+00  
550.52380,7.22E+00  
550.74591,7.16E+00  
550.96808,7.16E+00  
551.19025,7.16E+00  
551.41241,7.19E+00  
551.63458,7.17E+00  
551.85681,7.23E+00  
552.07898,7.19E+00  
552.30121,7.26E+00  
552.52344,7.27E+00  
552.74567,7.26E+00  
552.96790,7.23E+00  
553.19019,7.28E+00  
553.41241,7.25E+00  
553.63470,7.23E+00  
553.85699,7.23E+00  
554.07928,7.23E+00  
554.30157,7.18E+00  
554.52393,7.24E+00  
554.74622,7.25E+00  
554.96857,7.27E+00  
555.19092,7.22E+00  
555.41327,7.29E+00  
555.63562,7.24E+00  
555.85803,7.29E+00  
556.08038,7.23E+00  
556.30280,7.18E+00  
556.52521,7.22E+00  
556.74762,7.22E+00  
556.97003,7.22E+00  
557.19250,7.22E+00  
557.41492,7.15E+00  
557.63739,7.22E+00  
557.85986,7.24E+00  
558.08234,7.21E+00  
558.30487,7.23E+00  
558.52734,7.28E+00  
558.74988,7.27E+00  
558.97235,7.25E+00  
559.19489,7.21E+00  
559.41748,7.27E+00  
559.64001,7.20E+00  
559.86255,7.27E+00  
560.08514,7.24E+00  
560.30774,7.28E+00  
560.53033,7.30E+00  
560.75293,7.29E+00  
560.97552,7.24E+00  
561.19818,7.29E+00  
561.42078,7.26E+00  
561.64343,7.30E+00  
561.86609,7.24E+00  
562.08875,7.28E+00  
562.31140,7.26E+00  
562.53412,7.28E+00  
562.75684,7.25E+00  
562.97949,7.26E+00  
563.20221,7.21E+00  
563.42499,7.22E+00  
563.64771,7.24E+00  
563.87042,7.25E+00  
564.09320,7.24E+00  
564.31598,7.23E+00  
564.53876,7.26E+00  
564.76154,7.25E+00  
564.98431,7.20E+00  
565.20715,7.27E+00  
565.42993,7.22E+00  
565.65277,7.27E+00  
565.87561,7.26E+00  
566.09845,7.21E+00  
566.32135,7.30E+00  
566.54419,7.33E+00  
566.76709,7.28E+00  
566.98999,7.30E+00  
567.21289,7.28E+00  
567.43579,7.29E+00  
567.65869,7.31E+00  
567.88165,7.38E+00  
568.10455,7.30E+00  
568.32751,7.34E+00  
568.55048,7.33E+00  
568.77344,7.33E+00  
568.99640,7.35E+00  
569.21942,7.33E+00  
569.44244,7.32E+00  
569.66541,7.32E+00  
569.88843,7.27E+00  
570.11151,7.31E+00  
570.33453,7.29E+00  
570.55756,7.32E+00  
570.78064,7.22E+00  
571.00372,7.27E+00  
571.22681,7.20E+00  
571.44989,7.23E+00  
571.67297,7.18E+00  
571.89612,7.28E+00  
572.11920,7.24E+00  
572.34235,7.24E+00  
572.56549,7.16E+00  
572.78864,7.15E+00  
573.01184,7.20E+00  
573.23499,7.14E+00  
573.45819,7.13E+00  
573.68134,7.13E+00  
573.90454,7.09E+00  
574.12781,7.10E+00  
574.35101,7.08E+00  
574.57422,7.06E+00  
574.79749,7.03E+00  
575.02075,7.01E+00  
575.24402,7.05E+00  
575.46729,7.00E+00  
575.69055,7.03E+00  
575.91382,6.97E+00  
576.13715,7.00E+00  
576.36047,7.00E+00  
576.58380,6.99E+00  
576.80713,6.95E+00  
577.03046,6.95E+00  
577.25385,6.95E+00  
577.47717,6.94E+00  
577.70056,6.91E+00  
577.92395,6.91E+00  
578.14734,6.88E+00  
578.37073,6.87E+00  
578.59418,6.86E+00  
578.81757,6.91E+00  
579.04102,6.85E+00  
579.26447,6.81E+00  
579.48792,6.79E+00  
579.71136,6.77E+00  
579.93488,6.76E+00  
580.15833,6.72E+00  
580.38184,6.70E+00  
580.60535,6.74E+00  
580.82886,6.66E+00  
581.05237,6.65E+00  
581.27594,6.66E+00  
581.49945,6.69E+00  
581.72302,6.63E+00  
581.94659,6.61E+00  
582.17017,6.63E+00  
582.39374,6.62E+00  
582.61731,6.57E+00  
582.84094,6.61E+00  
583.06458,6.56E+00  
583.28821,6.61E+00  
583.51184,6.53E+00  
583.73547,6.54E+00  
583.95911,6.52E+00  
584.18280,6.52E+00  
584.40643,6.52E+00  
584.63013,6.51E+00  
584.85382,6.50E+00  
585.07751,6.50E+00  
585.30127,6.44E+00  
585.52496,6.48E+00  
585.74872,6.41E+00  
585.97247,6.48E+00  
586.19623,6.43E+00  
586.41998,6.46E+00  
586.64374,6.38E+00  
586.86755,6.37E+00  
587.09131,6.39E+00  
587.31512,6.35E+00  
587.53894,6.33E+00  
587.76276,6.34E+00  
587.98663,6.34E+00  
588.21045,6.32E+00  
588.43433,6.34E+00  
588.65814,6.34E+00  
588.88202,6.29E+00  
589.10596,6.28E+00  
589.32983,6.23E+00  
589.55371,6.29E+00  
589.77765,6.22E+00  
590.00159,6.25E+00  
590.22546,6.21E+00  
590.44946,6.21E+00  
590.67340,6.17E+00  
590.89734,6.20E+00  
591.12134,6.14E+00  
591.34534,6.16E+00  
591.56927,6.14E+00  
591.79327,6.14E+00  
592.01733,6.13E+00  
592.24133,6.18E+00  
592.46539,6.08E+00  
592.68939,6.13E+00  
592.91345,6.07E+00  
593.13751,6.10E+00  
593.36157,6.04E+00  
593.58569,6.08E+00  
593.80975,6.09E+00  
594.03387,6.06E+00  
594.25800,6.02E+00  
594.48212,6.03E+00  
594.70624,6.01E+00  
594.93036,6.00E+00  
595.15454,6.00E+00  
595.37866,5.95E+00  
595.60284,6.00E+00  
595.82703,5.97E+00  
596.05121,5.92E+00  
596.27545,6.00E+00  
596.49963,5.92E+00  
596.72388,5.96E+00  
596.94806,5.90E+00  
597.17230,5.95E+00  
597.39655,5.92E+00  
597.62085,5.86E+00  
597.84509,5.89E+00  
598.06940,5.86E+00  
598.29364,5.85E+00  
598.51794,5.85E+00  
598.74225,5.88E+00  
598.96661,5.83E+00  
599.19092,5.74E+00  
599.41528,5.79E+00  
599.63959,5.77E+00  
599.86395,5.80E+00  
600.08832,5.74E+00  
600.31268,5.77E+00  
600.53711,5.69E+00  
600.76147,5.74E+00  
600.98590,5.61E+00  
601.21033,5.70E+00  
601.43475,5.65E+00  
601.65918,5.60E+00  
601.88361,5.64E+00  
602.10809,5.59E+00  
602.33252,5.59E+00  
602.55701,5.61E+00  
602.78149,5.55E+00  
603.00598,5.55E+00  
603.23047,5.51E+00  
603.45502,5.53E+00  
603.67950,5.50E+00  
603.90405,5.47E+00  
604.12860,5.44E+00  
604.35315,5.51E+00  
604.57770,5.40E+00  
604.80231,5.43E+00  
605.02686,5.39E+00  
605.25146,5.40E+00  
605.47607,5.39E+00  
605.70068,5.38E+00  
605.92529,5.30E+00  
606.14990,5.33E+00  
606.37457,5.27E+00  
606.59924,5.29E+00  
606.82385,5.27E+00  
607.04852,5.25E+00  
607.27325,5.25E+00  
607.49792,5.22E+00  
607.72260,5.17E+00  
607.94733,5.21E+00  
608.17206,5.20E+00  
608.39679,5.16E+00  
608.62152,5.09E+00  
608.84625,5.14E+00  
609.07098,5.12E+00  
609.29578,5.05E+00  
609.52057,5.03E+00  
609.74536,5.04E+00  
609.97015,4.98E+00  
610.19495,5.00E+00  
610.41974,5.01E+00  
610.64459,4.99E+00  
610.86938,4.95E+00  
611.09424,4.94E+00  
611.31909,4.90E+00  
611.54395,4.89E+00  
611.76886,4.85E+00  
611.99371,4.84E+00  
612.21863,4.86E+00  
612.44354,4.80E+00  
612.66846,4.77E+00  
612.89337,4.79E+00  
613.11829,4.77E+00  
613.34320,4.76E+00  
613.56818,4.73E+00  
613.79315,4.69E+00  
614.01813,4.67E+00  
614.24310,4.66E+00  
614.46808,4.62E+00  
614.69305,4.65E+00  
614.91809,4.57E+00  
615.14313,4.56E+00  
615.36810,4.55E+00  
615.59314,4.59E+00  
615.81824,4.55E+00  
616.04327,4.53E+00  
616.26831,4.50E+00  
616.49341,4.50E+00  
616.71851,4.46E+00  
616.94360,4.48E+00  
617.16870,4.45E+00  
617.39380,4.47E+00  
617.61896,4.39E+00  
617.84406,4.37E+00  
618.06921,4.35E+00  
618.29437,4.36E+00  
618.51953,4.31E+00  
618.74469,4.34E+00  
618.96985,4.30E+00  
619.19507,4.29E+00  
619.42029,4.28E+00  
619.64545,4.26E+00  
619.87067,4.26E+00  
620.09595,4.26E+00  
620.32117,4.23E+00  
620.54639,4.21E+00  
620.77167,4.17E+00  
620.99695,4.18E+00  
621.22223,4.14E+00  
621.44751,4.14E+00  
621.67279,4.06E+00  
621.89807,4.10E+00  
622.12341,4.06E+00  
622.34875,4.10E+00  
622.57410,4.07E+00  
622.79944,4.08E+00  
623.02478,4.01E+00  
623.25012,4.00E+00  
623.47552,3.99E+00  
623.70087,3.94E+00  
623.92627,3.98E+00  
624.15167,3.97E+00  
624.37708,3.92E+00  
624.60254,3.90E+00  
624.82794,3.88E+00  
625.05341,3.90E+00  
625.27881,3.84E+00  
625.50427,3.87E+00  
625.72974,3.86E+00  
625.95520,3.83E+00  
626.18073,3.82E+00  
626.40619,3.82E+00  
626.63171,3.79E+00  
626.85724,3.81E+00  
627.08276,3.75E+00  
627.30829,3.78E+00  
627.53381,3.74E+00  
627.75940,3.75E+00  
627.98492,3.74E+00  
628.21051,3.73E+00  
628.43610,3.72E+00  
628.66168,3.70E+00  
628.88727,3.70E+00  
629.11292,3.67E+00  
629.33850,3.64E+00  
629.56415,3.68E+00  
629.78979,3.63E+00  
630.01544,3.63E+00  
630.24109,3.61E+00  
630.46680,3.62E+00  
630.69244,3.60E+00  
630.91815,3.57E+00  
631.14380,3.55E+00  
631.36951,3.55E+00  
631.59521,3.53E+00  
631.82098,3.55E+00  
632.04669,3.50E+00  
632.27246,3.51E+00  
632.49817,3.44E+00  
632.72394,3.45E+00  
632.94971,3.43E+00  
633.17548,3.42E+00  
633.40131,3.38E+00  
633.62708,3.42E+00  
633.85291,3.35E+00  
634.07874,3.35E+00  
634.30457,3.30E+00  
634.53040,3.31E+00  
634.75623,3.29E+00  
634.98212,3.29E+00  
635.20795,3.26E+00  
635.43384,3.20E+00  
635.65973,3.23E+00  
635.88562,3.14E+00  
636.11151,3.18E+00  
636.33740,3.10E+00  
636.56335,3.15E+00  
636.78925,3.17E+00  
637.01520,3.05E+00  
637.24115,3.06E+00  
637.46710,3.10E+00  
637.69312,3.02E+00  
637.91907,3.06E+00  
638.14508,2.99E+00  
638.37103,3.05E+00  
638.59705,2.99E+00  
638.82306,2.98E+00  
639.04907,2.95E+00  
639.27515,2.93E+00  
639.50116,2.93E+00  
639.72723,2.92E+00  
639.95331,2.91E+00  
640.17938,2.85E+00  
640.40546,2.88E+00  
640.63153,2.84E+00  
640.85761,2.80E+00  
641.08374,2.79E+00  
641.30988,2.80E+00  
641.53601,2.77E+00  
641.76215,2.76E+00  
641.98828,2.75E+00  
642.21442,2.72E+00  
642.44061,2.71E+00  
642.66675,2.67E+00  
642.89294,2.73E+00  
643.11914,2.64E+00  
643.34534,2.63E+00  
643.57153,2.59E+00  
643.79779,2.54E+00  
644.02399,2.59E+00  
644.25024,2.57E+00  
644.47650,2.60E+00  
644.70276,2.61E+00  
644.92902,2.58E+00  
645.15527,2.58E+00  
645.38159,2.55E+00  
645.60785,2.55E+00  
645.83417,2.47E+00  
646.06049,2.49E+00  
646.28680,2.46E+00  
646.51312,2.42E+00  
646.73950,2.41E+00  
646.96582,2.43E+00  
647.19220,2.37E+00  
647.41858,2.35E+00  
647.64496,2.38E+00  
647.87134,2.39E+00  
648.09772,2.37E+00  
648.32416,2.32E+00  
648.55054,2.32E+00  
648.77698,2.33E+00  
649.00342,2.27E+00  
649.22986,2.23E+00  
649.45630,2.23E+00  
649.68280,2.24E+00  
649.90924,2.25E+00  
650.13574,2.24E+00  
650.36224,2.22E+00  
650.58868,2.25E+00  
650.81525,2.19E+00  
651.04175,2.21E+00  
651.26825,2.22E+00  
651.49481,2.12E+00  
651.72137,2.13E+00  
651.94788,2.18E+00  
652.17444,2.15E+00  
652.40106,2.17E+00  
652.62762,2.15E+00  
652.85419,2.11E+00  
653.08081,2.12E+00  
653.30743,2.11E+00  
653.53406,2.09E+00  
653.76068,2.08E+00  
653.98730,2.12E+00  
654.21393,2.07E+00  
654.44061,2.03E+00  
654.66730,2.08E+00  
654.89392,2.05E+00  
655.12061,2.04E+00  
655.34735,1.99E+00  
655.57404,2.02E+00  
655.80072,2.00E+00  
656.02747,1.99E+00  
656.25421,2.00E+00  
656.48090,1.98E+00  
656.70764,1.93E+00  
656.93445,1.97E+00  
657.16119,1.91E+00  
657.38794,1.92E+00  
657.61475,1.91E+00  
657.84155,1.90E+00  
658.06836,1.86E+00  
658.29517,1.85E+00  
658.52197,1.84E+00  
658.74884,1.85E+00  
658.97565,1.85E+00  
659.20251,1.87E+00  
659.42938,1.79E+00  
659.65625,1.82E+00  
659.88312,1.79E+00  
660.10999,1.78E+00  
660.33685,1.75E+00  
660.56378,1.75E+00  
660.79071,1.72E+00  
661.01764,1.74E+00  
661.24457,1.69E+00  
661.47150,1.72E+00  
661.69843,1.70E+00  
661.92542,1.70E+00  
662.15234,1.66E+00  
662.37933,1.67E+00  
662.60632,1.66E+00  
662.83331,1.67E+00  
663.06030,1.63E+00  
663.28735,1.63E+00  
663.51434,1.61E+00  
663.74139,1.64E+00  
663.96844,1.63E+00  
664.19550,1.64E+00  
664.42255,1.61E+00  
664.64960,1.61E+00  
664.87665,1.60E+00  
665.10376,1.58E+00  
665.33087,1.57E+00  
665.55798,1.57E+00  
665.78510,1.54E+00  
666.01221,1.55E+00  
666.23932,1.54E+00  
666.46649,1.54E+00  
666.69360,1.52E+00  
666.92078,1.52E+00  
667.14795,1.50E+00  
667.37512,1.50E+00  
667.60229,1.47E+00  
667.82947,1.48E+00  
668.05670,1.47E+00  
668.28394,1.45E+00  
668.51111,1.43E+00  
668.73834,1.44E+00  
668.96558,1.42E+00  
669.19287,1.41E+00  
669.42011,1.40E+00  
669.64734,1.40E+00  
669.87463,1.40E+00  
670.10193,1.40E+00  
670.32922,1.41E+00  
670.55652,1.37E+00  
670.78381,1.35E+00  
671.01117,1.37E+00  
671.23846,1.36E+00  
671.46582,1.34E+00  
671.69318,1.34E+00  
671.92053,1.33E+00  
672.14789,1.33E+00  
672.37524,1.33E+00  
672.60266,1.30E+00  
672.83002,1.29E+00  
673.05743,1.28E+00  
673.28485,1.28E+00  
673.51227,1.28E+00  
673.73969,1.29E+00  
673.96716,1.26E+00  
674.19458,1.25E+00  
674.42206,1.24E+00  
674.64954,1.25E+00  
674.87695,1.23E+00  
675.10449,1.23E+00  
675.33197,1.22E+00  
675.55945,1.22E+00  
675.78699,1.21E+00  
676.01447,1.20E+00  
676.24200,1.16E+00  
676.46954,1.18E+00  
676.69708,1.18E+00  
676.92462,1.16E+00  
677.15222,1.15E+00  
677.37976,1.14E+00  
677.60736,1.14E+00  
677.83496,1.14E+00  
678.06256,1.13E+00  
678.29016,1.16E+00  
678.51776,1.13E+00  
678.74542,1.12E+00  
678.97302,1.10E+00  
679.20068,1.10E+00  
679.42834,1.09E+00  
679.65601,1.07E+00  
679.88367,1.07E+00  
680.11133,1.09E+00  
680.33905,1.07E+00  
680.56671,1.05E+00  
680.79443,1.04E+00  
681.02216,1.04E+00  
681.24988,1.03E+00  
681.47760,1.02E+00  
681.70532,1.02E+00  
681.93311,1.02E+00  
682.16083,1.03E+00  
682.38861,1.01E+00  
682.61639,9.97E-01  
682.84418,9.86E-01  
683.07196,9.61E-01  
683.29980,1.00E+00  
683.52759,9.71E-01  
683.75543,9.75E-01  
683.98322,9.63E-01  
684.21106,9.60E-01  
684.43890,9.45E-01  
684.66681,9.57E-01  
684.89465,9.39E-01  
685.12256,9.36E-01  
685.35040,9.12E-01  
685.57831,9.22E-01  
685.80621,9.12E-01  
686.03412,8.86E-01  
686.26202,9.03E-01  
686.48999,8.97E-01  
686.71790,9.06E-01  
686.94586,8.87E-01  
687.17383,8.80E-01  
687.40173,8.61E-01  
687.62976,8.70E-01  
687.85773,8.59E-01  
688.08569,8.66E-01  
688.31372,8.54E-01  
688.54169,8.23E-01  
688.76971,8.43E-01  
688.99774,8.18E-01  
689.22577,8.22E-01  
689.45380,8.28E-01  
689.68188,8.15E-01  
689.90991,8.06E-01  
690.13800,7.84E-01  
690.36609,8.02E-01  
690.59418,7.75E-01  
690.82227,7.69E-01  
691.05035,7.69E-01  
691.27850,7.73E-01  
691.50659,7.80E-01  
691.73474,7.38E-01  
691.96289,7.55E-01  
692.19104,7.49E-01  
692.41919,7.72E-01  
692.64734,7.61E-01  
692.87555,7.53E-01  
693.10370,7.29E-01  
693.33191,7.14E-01  
693.56012,7.42E-01  
693.78833,7.36E-01  
694.01654,7.14E-01  
694.24475,7.02E-01  
694.47296,6.98E-01  
694.70123,7.02E-01  
694.92950,7.16E-01  
695.15771,6.70E-01  
695.38599,7.04E-01  
695.61432,6.82E-01  
695.84259,6.69E-01  
696.07086,6.61E-01  
696.29919,6.88E-01  
696.52753,6.70E-01  
696.75580,6.54E-01  
696.98413,6.46E-01  
697.21252,6.67E-01  
697.44086,6.55E-01  
697.66919,6.54E-01  
697.89758,6.23E-01  
698.12598,6.37E-01  
698.35431,6.32E-01  
698.58270,6.28E-01  
698.81110,6.10E-01  
699.03955,6.21E-01  
699.26794,6.12E-01  
699.49640,6.21E-01  
699.72479,5.98E-01  
699.95325,6.04E-01  
700.18170,6.07E-01  
700.41016,6.00E-01  
700.63867,6.00E-01  
700.86713,6.00E-01  
701.09564,5.79E-01  
701.32410,5.80E-01  
701.55261,5.84E-01  
701.78113,5.74E-01  
702.00964,5.65E-01  
702.23822,5.67E-01  
702.46674,5.45E-01  
702.69531,5.83E-01  
702.92383,5.57E-01  
703.15240,5.50E-01  
703.38098,5.51E-01  
703.60956,5.74E-01  
703.83813,5.40E-01  
704.06677,5.52E-01  
704.29535,5.31E-01  
704.52399,5.32E-01  
704.75262,5.04E-01  
704.98126,5.23E-01  
705.20990,5.25E-01  
705.43854,5.24E-01  
705.66724,5.06E-01  
705.89587,5.31E-01  
706.12457,5.01E-01  
706.35327,5.19E-01  
706.58197,4.85E-01  
706.81067,4.98E-01  
707.03937,4.91E-01  
707.26807,4.93E-01  
707.49683,4.90E-01  
707.72559,5.13E-01  
707.95428,4.64E-01  
708.18304,4.79E-01  
708.41180,4.71E-01  
708.64063,4.86E-01  
708.86938,4.75E-01  
709.09821,4.79E-01  
709.32697,4.67E-01  
709.55579,4.54E-01  
709.78461,4.46E-01  
710.01343,4.61E-01  
710.24225,4.45E-01  
710.47113,4.61E-01  
710.69995,4.43E-01  
710.92883,4.45E-01  
711.15765,4.43E-01  
711.38654,4.51E-01  
711.61542,4.39E-01  
711.84436,4.24E-01  
712.07324,4.39E-01  
712.30212,4.45E-01  
712.53107,4.19E-01  
712.76001,4.38E-01  
712.98895,4.14E-01  
713.21790,4.29E-01  
713.44684,4.14E-01  
713.67578,4.14E-01  
713.90479,4.12E-01  
714.13373,4.06E-01  
714.36273,3.93E-01  
714.59174,4.26E-01  
714.82074,4.04E-01  
715.04974,3.99E-01  
715.27875,3.86E-01  
715.50781,3.93E-01  
715.73682,3.98E-01  
715.96588,4.08E-01  
716.19495,3.85E-01  
716.42401,3.97E-01  
716.65308,3.85E-01  
716.88214,3.88E-01  
717.11127,3.70E-01  
717.34033,3.93E-01  
717.56946,3.57E-01  
717.79858,3.79E-01  
718.02771,3.79E-01  
718.25684,3.76E-01  
718.48596,3.38E-01  
718.71515,3.61E-01  
718.94427,3.41E-01  
719.17346,3.44E-01  
719.40265,3.37E-01  
719.63184,3.53E-01  
719.86102,3.54E-01  
720.09021,3.70E-01  
720.31940,3.23E-01  
720.54864,3.47E-01  
720.77789,3.31E-01  
721.00708,3.50E-01  
721.23633,3.34E-01  
721.46558,3.43E-01  
721.69482,3.41E-01  
721.92413,3.14E-01  
722.15338,3.28E-01  
722.38269,3.40E-01  
722.61200,3.17E-01  
722.84131,3.41E-01  
723.07062,3.20E-01  
723.29993,2.96E-01  
723.52924,3.12E-01  
723.75861,3.15E-01  
723.98792,3.11E-01  
724.21729,3.38E-01  
724.44666,2.82E-01  
724.67603,3.24E-01  
724.90540,3.07E-01  
725.13477,2.99E-01  
725.36414,2.89E-01  
725.59357,3.00E-01  
725.82300,3.05E-01  
726.05243,3.21E-01  
726.28186,2.91E-01  
726.51129,3.06E-01  
726.74072,2.85E-01  
726.97015,3.04E-01  
727.19965,2.98E-01  
727.42908,3.14E-01  
727.65857,2.64E-01  
727.88806,2.87E-01  
728.11755,2.78E-01  
728.34705,2.88E-01  
728.57660,2.86E-01  
728.80609,2.80E-01  
729.03564,2.75E-01  
729.26520,2.73E-01  
729.49469,2.47E-01  
729.72424,2.84E-01  
729.95386,2.67E-01  
730.18341,2.80E-01  
730.41296,2.61E-01  
730.64258,2.65E-01  
730.87219,2.68E-01  
731.10175,2.60E-01  
731.33136,2.36E-01  
731.56104,2.72E-01  
731.79065,2.58E-01  
732.02026,2.59E-01  
732.24994,2.39E-01  
732.47955,2.50E-01  
732.70923,2.33E-01  
732.93890,2.61E-01  
733.16858,2.23E-01  
733.39825,2.65E-01  
733.62799,2.37E-01  
733.85767,2.58E-01  
734.08740,2.19E-01  
734.31714,2.45E-01  
734.54688,2.18E-01  
734.77661,2.46E-01  
735.00635,2.35E-01  
735.23608,2.23E-01  
735.46588,2.22E-01  
735.69562,2.64E-01  
735.92542,2.25E-01  
736.15521,2.16E-01  
736.38501,2.25E-01  
736.61481,2.09E-01  
736.84460,2.11E-01  
737.07440,2.28E-01  
737.30426,2.23E-01  
737.53412,2.02E-01  
737.76392,2.16E-01  
737.99377,2.37E-01  
738.22363,2.24E-01  
738.45355,2.11E-01  
738.68341,2.09E-01  
738.91327,2.04E-01  
739.14319,1.96E-01  
739.37311,2.16E-01  
739.60303,2.02E-01  
739.83295,2.13E-01  
740.06287,1.88E-01  
740.29279,2.06E-01  
740.52277,2.08E-01  
740.75269,2.21E-01  
740.98267,2.02E-01  
741.21265,2.00E-01  
741.44263,1.90E-01  
741.67261,2.18E-01  
741.90259,1.99E-01  
742.13257,2.00E-01  
742.36261,1.89E-01  
742.59265,1.81E-01  
742.82263,1.85E-01  
743.05267,1.89E-01  
743.28271,1.78E-01  
743.51276,1.91E-01  
743.74286,1.92E-01  
743.97290,1.83E-01  
744.20300,1.76E-01  
744.43311,1.70E-01  
744.66315,1.51E-01  
744.89325,1.67E-01  
745.12341,1.84E-01  
745.35352,1.91E-01  
745.58362,1.73E-01  
745.81378,1.86E-01  
746.04388,1.55E-01  
746.27405,1.79E-01  
746.50421,1.78E-01  
746.73438,1.73E-01  
746.96454,1.48E-01  
747.19476,1.68E-01  
747.42493,1.73E-01  
747.65515,1.78E-01  
747.88531,1.69E-01  
748.11554,1.69E-01  
748.34576,1.55E-01  
748.57599,1.63E-01  
748.80627,1.64E-01  
749.03650,1.45E-01  
749.26678,1.42E-01  
749.49701,1.76E-01  
749.72729,1.58E-01  
749.95758,1.52E-01  
750.18787,1.57E-01  
750.41815,1.57E-01  
750.64850,1.57E-01  
750.87878,1.43E-01  
751.10913,1.47E-01  
751.33948,1.30E-01  
751.56976,1.41E-01  
751.80011,1.42E-01  
752.03052,1.46E-01  
752.26086,1.32E-01  
752.49121,1.60E-01  
752.72162,1.24E-01  
752.95197,1.39E-01  
753.18237,1.43E-01  
753.41278,1.46E-01  
753.64319,1.22E-01  
753.87360,1.57E-01  
754.10406,1.42E-01  
754.33447,1.51E-01  
754.56494,1.31E-01  
754.79541,1.31E-01  
755.02582,1.41E-01  
755.25629,1.47E-01  
755.48682,1.31E-01  
755.71729,1.74E-01  
755.94775,1.40E-01  
756.17828,1.26E-01  
756.40875,1.18E-01  
756.63928,1.24E-01  
756.86981,1.21E-01  
757.10034,1.29E-01  
757.33087,1.39E-01  
757.56146,1.17E-01  
757.79199,1.13E-01  
758.02258,1.12E-01  
758.25317,1.03E-01  
758.48370,1.27E-01  
758.71429,1.12E-01  
758.94489,1.22E-01  
759.17554,1.33E-01  
759.40613,1.54E-01  
759.63678,1.16E-01  
759.86737,1.37E-01  
760.09802,1.07E-01  
760.32867,1.13E-01  
760.55933,1.22E-01  
760.78998,1.21E-01  
761.02063,1.30E-01  
761.25134,1.30E-01  
761.48199,1.15E-01  
761.71271,1.13E-01  
761.94342,1.05E-01  
762.17413,1.06E-01  
762.40485,1.00E-01  
762.63556,1.23E-01  
762.86633,9.40E-02  
763.09705,1.22E-01  
763.32782,1.11E-01  
763.55853,1.29E-01  
763.78931,1.08E-01  
764.02008,1.07E-01  
764.25085,9.41E-02  
764.48169,1.21E-01  
764.71246,1.17E-01  
764.94330,1.07E-01  
765.17407,1.01E-01  
765.40491,1.17E-01  
765.63574,1.21E-01  
765.86658,1.19E-01  
766.09741,1.04E-01  
766.32831,1.05E-01  
766.55914,1.03E-01  
766.79004,1.14E-01  
767.02087,1.15E-01  
767.25177,1.01E-01  
767.48267,8.86E-02  
767.71356,1.13E-01  
767.94452,1.08E-01  
768.17542,1.03E-01  
768.40631,9.08E-02  
768.63727,9.10E-02  
768.86823,9.01E-02  
769.09918,1.03E-01  
769.33014,9.46E-02  
769.56110,1.25E-01  
769.79205,8.28E-02  
770.02301,9.94E-02  
770.25403,8.86E-02  
770.48505,1.16E-01  
770.71600,9.40E-02  
770.94702,1.17E-01  
771.17804,6.47E-02  
771.40912,1.30E-01  
771.64014,8.96E-02  
771.87115,1.06E-01  
772.10223,8.01E-02  
772.33331,1.08E-01  
772.56433,9.91E-02  
772.79541,1.14E-01  
773.02655,8.83E-02  
773.25763,8.73E-02  
773.48871,8.77E-02  
773.71985,7.97E-02  
773.95093,7.94E-02  
774.18207,8.67E-02  
774.41321,9.77E-02  
774.64435,8.87E-02  
774.87549,7.84E-02  
775.10663,8.04E-02  
775.33783,7.37E-02  
775.56897,1.11E-01  
775.80017,5.62E-02  
776.03137,8.65E-02  
776.26251,6.18E-02  
776.49371,8.30E-02  
776.72498,7.40E-02  
776.95618,8.50E-02  
777.18738,8.28E-02  
777.41864,1.00E-01  
777.64990,9.18E-02  
777.88110,9.26E-02  
778.11237,8.96E-02  
778.34363,9.14E-02  
778.57489,4.85E-02  
778.80621,9.50E-02  
779.03748,8.05E-02  
779.26880,8.70E-02  
779.50012,8.55E-02  
779.73138,7.22E-02  
779.96271,8.07E-02  
780.19403,1.10E-01  
780.42542,7.85E-02  
780.65674,7.85E-02  
780.88806,8.48E-02  
781.11945,8.96E-02  
781.35083,7.34E-02  
781.58221,9.10E-02  
781.81360,5.51E-02  
782.04498,7.75E-02  
782.27637,6.44E-02  
782.50775,6.91E-02  
782.73920,4.81E-02  
782.97058,8.86E-02  
783.20203,6.98E-02  
783.43347,5.84E-02  
783.66492,5.29E-02  
783.89636,6.21E-02  
784.12781,4.35E-02  
784.35931,6.82E-02  
784.59076,8.76E-02  
784.82227,6.82E-02  
785.05377,4.64E-02  
785.28528,9.38E-02  
785.51678,7.52E-02  
785.74829,7.67E-02  
785.97980,5.71E-02  
786.21130,7.31E-02  
786.44287,6.85E-02  
786.67444,8.30E-02  
786.90594,6.32E-02  
787.13751,9.58E-02  
787.36908,6.68E-02  
787.60071,8.60E-02  
787.83228,7.20E-02  
788.06384,4.15E-02  
788.29547,5.85E-02  
788.52710,6.34E-02  
788.75867,7.15E-02  
788.99030,7.67E-02  
789.22192,6.72E-02  
789.45361,6.39E-02  
789.68524,3.42E-02  
789.91687,7.01E-02  
790.14856,4.55E-02  
790.38019,6.57E-02  
790.61188,4.71E-02  
790.84357,5.32E-02  
791.07526,5.64E-02  
791.30701,8.01E-02  
791.53870,5.51E-02  
791.77039,6.38E-02  
792.00214,5.75E-02  
792.23389,6.49E-02  
792.46558,7.87E-02  
792.69733,6.38E-02  
792.92908,5.54E-02  
793.16089,7.11E-02  
793.39264,5.25E-02  
793.62439,5.04E-02  
793.85620,7.12E-02  
794.08801,6.42E-02  
794.31976,3.96E-02  
794.55157,7.04E-02  
794.78345,3.99E-02  
795.01526,6.02E-02  
795.24707,1.11E-02  
795.47894,6.97E-02  
795.71075,4.58E-02  
795.94263,6.11E-02  
796.17450,4.62E-02  
796.40637,3.76E-02  
796.63824,6.62E-02  
796.87012,7.90E-02  
797.10199,5.21E-02  
797.33392,7.00E-02  
797.56580,4.89E-02  
797.79773,6.41E-02  
798.02966,5.36E-02  
798.26160,9.21E-02  
798.49353,5.51E-02  
798.72546,4.25E-02  
798.95740,4.82E-02  
799.18939,6.22E-02  
799.42133,2.80E-02  
799.65332,6.97E-02  
799.88531,5.19E-02  
800.11731,6.18E-02  
800.34930,3.83E-02  
800.58130,4.68E-02  
800.81335,6.01E-02  
801.04535,5.26E-02  
801.27740,5.87E-02  
801.50940,4.78E-02  
801.74146,3.75E-02  
801.97351,3.73E-02  
802.20557,3.22E-02  
802.43762,4.36E-02  
802.66974,3.28E-02  
802.90179,4.75E-02  
803.13391,5.16E-02  
803.36603,4.88E-02  
803.59808,5.16E-02  
803.83020,2.90E-02  
804.06232,8.23E-02  
804.29449,5.51E-02  
804.52661,4.58E-02  
804.75873,8.07E-02  
804.99091,3.39E-02  
805.22308,8.76E-02  
805.45520,7.11E-02  
805.68738,5.52E-02  
805.91956,5.14E-02  
806.15179,5.77E-02  
806.38397,3.55E-02  
806.61615,3.12E-02  
806.84839,5.67E-02  
807.08063,5.98E-02  
807.31281,2.59E-02  
807.54504,5.09E-02  
807.77728,5.55E-02  
808.00958,4.55E-02  
808.24182,5.15E-02  
808.47406,2.56E-02  
808.70636,7.24E-02  
808.93866,4.76E-02  
809.17090,6.05E-02  
809.40320,1.59E-02  
809.63550,6.21E-02  
809.86780,4.74E-02  
810.10016,3.28E-02  
810.33246,4.19E-02  
810.56482,4.43E-02  
810.79712,2.12E-02  
811.02948,5.59E-02  
811.26184,4.74E-02  
811.49420,8.67E-02  
811.72656,4.64E-02  
811.95892,6.57E-02  
812.19135,4.08E-02  
812.42371,6.81E-02  
812.65613,3.39E-02  
812.88855,3.71E-02  
813.12097,4.59E-02  
813.35339,4.29E-02  
813.58582,5.74E-03  
813.81824,4.96E-02  
814.05066,2.62E-02  
814.28314,4.35E-02  
814.51556,5.92E-02  
814.74805,6.19E-02  
814.98053,4.06E-02  
815.21301,6.97E-02  
815.44550,3.68E-02  
815.67798,5.18E-02  
815.91052,4.16E-02  
816.14301,5.95E-02  
816.37555,4.94E-02  
816.60803,7.98E-02  
816.84058,7.16E-03  
817.07312,7.44E-02  
817.30566,4.43E-02  
817.53827,2.75E-02  
817.77081,5.39E-02  
818.00336,3.63E-02  
818.23596,4.76E-02  
818.46857,6.35E-02  
818.70111,3.45E-02  
818.93372,4.01E-02  
819.16632,3.39E-02  
819.39899,7.68E-02  
819.63159,2.06E-02  
819.86420,7.24E-02  
820.09686,7.67E-03  
820.32947,4.78E-02  
820.56213,5.44E-02  
820.79480,6.54E-02  
821.02747,3.93E-02  
821.26013,7.28E-02  
821.49280,3.68E-02  
821.72552,-1.10E-02  
821.95819,4.12E-02  
822.19092,3.42E-02  
822.42364,2.79E-02  
822.65637,2.20E-02  
822.88910,4.88E-02  
823.12183,5.01E-02  
823.35455,1.76E-02  
823.58728,4.12E-02  
823.82007,2.36E-02  
824.05280,6.61E-02  
824.28558,6.31E-02  
824.51837,4.92E-02  
824.75116,2.35E-02  
824.98395,4.61E-02  
825.21674,4.78E-02  
825.44952,6.01E-02  
825.68237,7.18E-03  
825.91516,3.72E-02  
826.14801,8.16E-03  
826.38086,9.43E-02  
826.61371,4.96E-02  
826.84656,5.25E-02  
827.07941,5.19E-02  
827.31226,7.27E-02  
827.54517,4.46E-02  
827.77802,3.15E-02  
828.01093,7.84E-02  
828.24377,4.02E-02  
828.47668,5.30E-03  
828.70959,6.34E-02  
828.94250,4.33E-02  
829.17548,9.37E-02  
829.40839,5.38E-02  
829.64130,2.59E-02  
829.87427,4.94E-02  
830.10724,5.02E-02  
830.34021,3.99E-02  
830.57318,3.88E-02  
830.80615,4.09E-02  
831.03912,8.84E-02  
831.27209,3.23E-02  
831.50513,8.96E-02  
831.73810,2.25E-02  
831.97113,4.94E-02  
832.20416,2.76E-02  
832.43713,5.31E-02  
832.67017,3.92E-02  
832.90326,2.39E-02  
833.13629,2.69E-02  
833.36932,8.88E-02  
833.60242,3.95E-02  
833.83545,3.39E-02  
834.06854,6.47E-02  
834.30164,3.61E-02  
834.53473,2.02E-02  
834.76782,7.10E-02  
835.00092,4.89E-02  
835.23401,7.01E-02  
835.46716,-3.07E-03  
835.70026,5.71E-02  
835.93341,2.92E-02  
836.16656,5.46E-02  
836.39972,4.71E-02  
836.63287,7.30E-02  
836.86603,4.35E-02  
837.09918,5.25E-02  
837.33240,5.94E-02  
837.56555,6.75E-02  
837.79877,3.63E-02  
838.03198,2.82E-02  
838.26514,7.14E-02  
838.49835,5.31E-02  
838.73163,1.69E-02  
838.96484,5.42E-02  
839.19806,3.32E-02  
839.43134,1.57E-02  
839.66455,4.85E-02  
839.89783,5.74E-02  
840.13110,3.02E-02  
840.36438,8.91E-02  
840.59766,8.94E-03  
840.83093,3.85E-02  
841.06421,4.81E-02  
841.29749,3.66E-02  
841.53082,2.07E-02  
841.76410,6.97E-02  
841.99744,1.29E-02  
842.23077,5.92E-02  
842.46411,1.16E-02  
842.69745,6.48E-02  
842.93079,3.68E-02  
843.16418,5.45E-02  
843.39752,2.02E-02  
843.63092,7.11E-02  
843.86426,2.39E-02  
844.09766,7.40E-02  
844.33105,2.82E-02  
844.56445,4.48E-02  
844.79785,2.45E-02  
845.03131,7.81E-02  
845.26471,2.58E-02  
845.49811,2.62E-02  
845.73157,5.95E-02  
845.96503,5.05E-02  
846.19849,5.45E-02  
846.43195,3.82E-02  
846.66541,5.15E-02  
846.89886,3.69E-02  
847.13232,1.60E-02  
847.36584,1.85E-02  
847.59930,7.86E-03  
847.83282,4.25E-02  
848.06635,4.49E-02  
848.29987,3.46E-02  
848.53339,1.69E-02  
848.76691,5.44E-02  
849.00043,5.41E-02  
849.23395,4.35E-02  
849.46753,8.03E-03  
849.70105,9.30E-02  
849.93463,3.78E-02  
850.16821,2.60E-02  
850.40179,2.66E-02  
850.63538,4.23E-02  
850.86896,6.54E-02  
851.10254,3.58E-02  
851.33618,3.40E-02  
851.56976,5.52E-02  
851.80341,6.47E-02  
852.03705,5.21E-02  
852.27069,-1.19E-02  
852.50433,6.54E-02  
852.73798,3.88E-02  
852.97162,2.16E-02  
853.20526,2.96E-02  
853.43896,3.88E-02  
853.67261,1.46E-02  
853.90631,4.75E-02  
854.14001,3.25E-02  
854.37372,4.85E-02  
854.60742,1.26E-02  
854.84113,5.14E-02  
855.07483,1.17E-02  
855.30853,5.92E-02  
855.54230,6.27E-02  
855.77600,8.61E-02  
856.00977,2.80E-02  
856.24353,2.78E-02  
856.47729,2.99E-04  
856.71106,4.76E-02  
856.94482,-1.09E-02  
857.17859,6.35E-02  
857.41241,5.03E-03  
857.64618,6.41E-02  
857.88000,-7.19E-03  
858.11383,7.25E-03  
858.34766,2.05E-02  
858.58142,5.34E-02  
858.81531,3.50E-02  
859.04913,6.97E-02  
859.28296,1.95E-02  
859.51685,2.92E-02  
859.75067,4.12E-02  
859.98456,5.85E-02  
860.21838,1.45E-03  
860.45227,7.32E-02  
860.68616,1.43E-03  
860.92004,5.24E-02  
861.15399,9.73E-03  
861.38788,3.03E-02  
861.62183,1.39E-02  
861.85571,5.34E-02  
862.08966,4.18E-02  
862.32361,7.83E-02  
862.55750,7.30E-03  
862.79144,5.19E-02  
863.02545,2.47E-02  
863.25940,6.70E-02  
863.49335,4.65E-02  
863.72736,5.34E-02  
863.96130,4.52E-02  
864.19531,9.66E-02  
864.42932,4.16E-02  
864.66333,1.70E-02  
864.89734,5.34E-02  
865.13135,4.33E-02  
865.36536,6.62E-02  
865.59943,1.01E-01  
865.83344,3.76E-02  
866.06750,8.21E-02  
866.30151,2.25E-02  
866.53558,5.12E-02  
866.76965,3.65E-02  
867.00372,4.29E-02  
867.23785,3.59E-02  
867.47192,7.78E-02  
867.70599,-2.47E-02  
867.94012,2.25E-02  
868.17419,4.53E-02  
868.40833,5.31E-02  
868.64246,8.64E-02  
868.87659,5.38E-02  
869.11072,8.01E-02  
869.34485,1.73E-02  
869.57898,7.42E-02  
869.81317,5.55E-02  
870.04730,5.44E-02  
870.28149,3.13E-02  
870.51569,5.59E-02  
870.74988,3.19E-02  
870.98407,6.42E-02  
871.21826,-2.63E-02  
871.45245,5.68E-02  
871.68665,7.44E-02  
871.92090,4.66E-02  
872.15509,1.86E-02  
872.38934,4.28E-02  
872.62360,1.19E-02  
872.85785,8.15E-02  
873.09210,2.99E-02  
873.32636,3.63E-02  
873.56061,3.96E-02  
873.79486,6.05E-02  
874.02917,-2.50E-02  
874.26343,3.62E-02  
874.49774,-2.05E-02  
874.73206,8.84E-02  
874.96631,7.35E-03  
875.20062,2.20E-02  
875.43500,-1.44E-02  
875.66931,6.54E-02  
875.90363,2.43E-02  
876.13800,8.94E-02  
876.37231,3.73E-02  
876.60669,6.45E-02  
876.84106,3.88E-02  
877.07538,6.19E-02  
877.30975,2.15E-02  
877.54419,6.35E-02  
877.77856,4.99E-02  
878.01294,8.04E-02  
878.24731,-3.23E-02  
878.48175,5.35E-02  
878.71619,1.83E-02  
878.95056,5.62E-02  
879.18500,5.26E-02  
879.41943,1.31E-01  
879.65387,-1.53E-02  
879.88837,3.95E-02  
880.12280,3.25E-02  
880.35724,7.05E-02  
880.59174,7.00E-02  
880.82623,6.28E-02  
881.06067,3.22E-02  
881.29517,2.98E-02  
881.52966,-8.40E-04  
881.76416,6.45E-02  
881.99872,5.50E-03  
882.23322,3.38E-02  
882.46771,1.08E-02  
882.70227,4.38E-02  
882.93683,3.76E-02  
883.17133,7.34E-02  
883.40588,2.32E-02  
883.64044,6.54E-02  
883.87500,8.50E-02  
884.10956,3.78E-02  
884.34418,-1.73E-02  
884.57874,7.68E-02  
884.81335,2.13E-02  
885.04791,9.53E-02  
885.28253,8.67E-02  
885.51715,8.07E-02  
885.75177,8.94E-02  
885.98639,5.22E-02  
886.22101,5.04E-02  
886.45563,1.05E-01  
886.69031,1.83E-02  
886.92493,5.28E-02  
887.15961,3.22E-02  
887.39429,9.86E-02  
887.62897,5.64E-02  
887.86365,4.09E-02  
888.09833,5.45E-02  
888.33301,1.03E-01  
888.56769,3.06E-02  
888.80237,7.50E-02  
889.03711,7.88E-02  
889.27185,6.98E-02  
889.50653,-3.38E-04  
889.74127,7.37E-02  
889.97601,2.30E-02  
890.21075,4.26E-02  
890.44550,2.98E-02  
890.68030,8.17E-02  
890.91504,5.91E-02  
891.14978,2.00E-02  
891.38458,3.05E-02  
891.61938,1.22E-01  
891.85419,1.93E-02  
892.08893,7.60E-02  
892.32373,-8.80E-03  
892.55859,8.07E-02  
892.79340,3.13E-02  
893.02820,8.40E-02  
893.26306,5.56E-02  
893.49786,8.00E-02  
893.73273,2.99E-02  
893.96759,8.33E-02  
894.20245,2.79E-02  
894.43732,1.06E-01  
894.67218,7.18E-02  
894.90704,5.99E-02  
895.14191,5.94E-02  
895.37683,5.21E-02  
895.61169,3.23E-02  
895.84662,9.44E-02  
896.08154,-1.44E-03  
896.31641,8.71E-02  
896.55133,4.98E-02  
896.78632,6.67E-02  
897.02124,3.55E-02  
897.25616,3.86E-02  
897.49109,1.53E-02  
897.72607,6.05E-02  
897.96106,5.06E-02  
898.19598,4.68E-02  
898.43097,1.62E-02  
898.66595,9.31E-02  
898.90094,3.73E-02  
899.13593,7.42E-02  
899.37091,6.64E-02  
899.60596,5.85E-02  
899.84094,4.51E-02  
900.07599,6.41E-02  
900.31104,0.00E+00  
900.54602,0.00E+00  
900.78107,0.00E+00  
901.01611,0.00E+00  
901.25116,0.00E+00  
901.48627,0.00E+00  
901.72131,0.00E+00  
901.95636,0.00E+00  
902.19147,0.00E+00  
902.42657,0.00E+00  
902.66162,0.00E+00  
902.89673,0.00E+00  
903.13184,0.00E+00  
903.36694,0.00E+00  
903.60211,0.00E+00  
903.83722,0.00E+00  
904.07233,0.00E+00  
904.30750,0.00E+00  
904.54260,0.00E+00  
904.77777,0.00E+00  
905.01294,0.00E+00  
905.24811,0.00E+00  
905.48328,0.00E+00  
905.71844,0.00E+00  
905.95361,0.00E+00  
906.18884,0.00E+00  
906.42401,0.00E+00  
906.65924,0.00E+00  
906.89441,0.00E+00  
907.12964,0.00E+00  
907.36487,0.00E+00  
907.60010,0.00E+00  
907.83533,0.00E+00  
908.07056,0.00E+00  
908.30585,0.00E+00  
908.54108,0.00E+00  
908.77637,0.00E+00  
909.01160,0.00E+00  
909.24689,0.00E+00  
909.48218,0.00E+00  
909.71747,0.00E+00  
909.95276,0.00E+00  
910.18805,0.00E+00  
910.42334,0.00E+00  
910.65869,0.00E+00  
910.89398,0.00E+00  
911.12933,0.00E+00  
911.36462,0.00E+00  
911.59998,0.00E+00  
911.83533,0.00E+00  
912.07068,0.00E+00  
912.30603,0.00E+00  
912.54138,0.00E+00  
912.77679,0.00E+00  
913.01215,0.00E+00  
913.24756,0.00E+00  
913.48291,0.00E+00  
913.71832,0.00E+00  
913.95374,0.00E+00  
914.18915,0.00E+00  
914.42456,0.00E+00  
914.65997,0.00E+00  
914.89539,0.00E+00  
915.13080,0.00E+00  
915.36627,0.00E+00  
915.60168,0.00E+00  
915.83716,0.00E+00  
916.07263,0.00E+00  
916.30811,0.00E+00  
916.54358,0.00E+00  
916.77905,0.00E+00  
917.01453,0.00E+00  
917.25000,0.00E+00  
917.48553,0.00E+00  
917.72101,0.00E+00  
917.95654,0.00E+00  
918.19208,0.00E+00  
918.42755,0.00E+00  
918.66309,0.00E+00  
918.89862,0.00E+00  
919.13422,0.00E+00  
919.36975,0.00E+00  
919.60529,0.00E+00  
919.84088,0.00E+00  
920.07642,0.00E+00  
920.31201,0.00E+00  
920.54761,0.00E+00  
920.78314,0.00E+00  
921.01874,0.00E+00  
921.25433,0.00E+00  
921.48999,0.00E+00  
921.72559,0.00E+00  
921.96118,0.00E+00  
922.19684,0.00E+00  
922.43243,0.00E+00  
922.66809,0.00E+00  
922.90375,0.00E+00  
923.13940,0.00E+00  
923.37506,0.00E+00  
923.61072,0.00E+00  
923.84637,0.00E+00  
924.08203,0.00E+00  
924.31775,0.00E+00  
924.55341,0.00E+00  
924.78912,0.00E+00  
925.02484,0.00E+00  
925.26050,0.00E+00  
925.49622,0.00E+00  
925.73193,0.00E+00  
925.96765,0.00E+00  
926.20343,0.00E+00  
926.43915,0.00E+00  
926.67487,0.00E+00  
926.91064,0.00E+00  
927.14642,0.00E+00  
927.38214,0.00E+00  
927.61792,0.00E+00  
927.85370,0.00E+00  
928.08948,0.00E+00  
928.32526,0.00E+00  
928.56110,0.00E+00  
928.79688,0.00E+00  
929.03265,0.00E+00  
929.26849,0.00E+00  
929.50433,0.00E+00  
929.74011,0.00E+00  
929.97595,0.00E+00  
930.21179,0.00E+00  
930.44763,0.00E+00  
930.68347,0.00E+00  
930.91937,0.00E+00  
931.15521,0.00E+00  
931.39111,0.00E+00  
931.62695,0.00E+00  
931.86285,0.00E+00  
932.09875,0.00E+00  
932.33466,0.00E+00  
932.57056,0.00E+00  
932.80646,0.00E+00  
933.04236,0.00E+00  
933.27826,0.00E+00  
933.51416,0.00E+00  
933.75012,0.00E+00  
933.98608,0.00E+00  
934.22198,0.00E+00  
934.45795,0.00E+00  
934.69391,0.00E+00  
934.92987,0.00E+00  
935.16583,0.00E+00  
935.40179,0.00E+00  
935.63782,0.00E+00  
935.87378,0.00E+00  
936.10974,0.00E+00  
936.34576,0.00E+00  
936.58179,0.00E+00  
936.81781,0.00E+00  
937.05383,0.00E+00  
937.28986,0.00E+00  
937.52588,0.00E+00  
937.76190,0.00E+00  
937.99792,0.00E+00  
938.23401,0.00E+00  
938.47003,0.00E+00  
938.70612,0.00E+00  
938.94214,0.00E+00  
939.17822,0.00E+00  
939.41431,0.00E+00  
939.65039,0.00E+00  
939.88647,0.00E+00  
940.12256,0.00E+00  
940.35870,0.00E+00  
940.59479,0.00E+00  
940.83093,0.00E+00  
941.06702,0.00E+00  
941.30316,0.00E+00  
941.53931,0.00E+00  
941.77545,0.00E+00  
942.01160,0.00E+00  
942.24774,0.00E+00  
942.48389,0.00E+00  
942.72003,0.00E+00  
942.95624,0.00E+00  
943.19238,0.00E+00  
943.42859,0.00E+00  
943.66479,0.00E+00  
943.90100,0.00E+00  
944.13715,0.00E+00  
944.37335,0.00E+00  
944.60962,0.00E+00  
944.84583,0.00E+00  
945.08203,0.00E+00  
945.31824,0.00E+00  
945.55450,0.00E+00  
945.79077,0.00E+00  
946.02698,0.00E+00  
946.26324,0.00E+00  
946.49951,0.00E+00  
946.73578,0.00E+00  
946.97205,0.00E+00  
947.20831,0.00E+00  
947.44464,0.00E+00  
947.68091,0.00E+00  
947.91724,0.00E+00  
948.15350,0.00E+00  
948.38983,0.00E+00  
948.62616,0.00E+00  
948.86249,0.00E+00  
949.09882,0.00E+00  
949.33514,0.00E+00  
949.57147,0.00E+00  
949.80780,0.00E+00  
950.04413,0.00E+00  
950.28052,0.00E+00  
950.51691,0.00E+00  
950.75323,0.00E+00  
950.98962,0.00E+00  
951.22601,0.00E+00  
951.46240,0.00E+00  
951.69879,0.00E+00  
951.93518,0.00E+00  
952.17157,0.00E+00  
952.40802,0.00E+00  
952.64441,0.00E+00  
952.88086,0.00E+00  
953.11725,0.00E+00  
953.35370,0.00E+00  
953.59015,0.00E+00  
953.82660,0.00E+00  
954.06305,0.00E+00  
954.29950,0.00E+00  
954.53601,0.00E+00  
954.77246,0.00E+00  
955.00891,0.00E+00  
955.24542,0.00E+00  
955.48193,0.00E+00  
955.71838,0.00E+00  
955.95489,0.00E+00  
956.19141,0.00E+00  
956.42792,0.00E+00  
956.66443,0.00E+00  
956.90094,0.00E+00  
957.13751,0.00E+00  
957.37402,0.00E+00  
957.61060,0.00E+00  
957.84711,0.00E+00  
958.08368,0.00E+00  
958.32025,0.00E+00  
958.55682,0.00E+00  
958.79340,0.00E+00  
959.02997,0.00E+00  
959.26654,0.00E+00  
959.50311,0.00E+00  
959.73975,0.00E+00  
959.97632,0.00E+00  
960.21295,0.00E+00  
960.44958,0.00E+00  
960.68616,0.00E+00  
960.92279,0.00E+00  
961.15942,0.00E+00  
961.39606,0.00E+00  
961.63269,0.00E+00  
961.86938,0.00E+00  
962.10602,0.00E+00  
962.34265,0.00E+00  
962.57935,0.00E+00  
962.81604,0.00E+00  
963.05267,0.00E+00  
963.28937,0.00E+00  
963.52606,0.00E+00  
963.76276,0.00E+00  
963.99945,0.00E+00  
964.23621,0.00E+00  
964.47290,0.00E+00  
964.70959,0.00E+00  
964.94635,0.00E+00  
965.18304,0.00E+00  
965.41980,0.00E+00  
965.65656,0.00E+00  
965.89331,0.00E+00  
966.13007,0.00E+00  
966.36682,0.00E+00  
966.60358,0.00E+00  
966.84033,0.00E+00  
967.07715,0.00E+00  
967.31390,0.00E+00  
967.55072,0.00E+00  
967.78748,0.00E+00  
968.02429,0.00E+00  
968.26111,0.00E+00  
968.49792,0.00E+00  
968.73474,0.00E+00  
968.97156,0.00E+00  
969.20837,0.00E+00  
969.44525,0.00E+00  
969.68207,0.00E+00  
969.91895,0.00E+00  
970.15576,0.00E+00  
970.39264,0.00E+00  
970.62952,0.00E+00  
970.86639,0.00E+00  
971.10327,0.00E+00  
971.34015,0.00E+00  
971.57703,0.00E+00  
971.81390,0.00E+00  
972.05084,0.00E+00  
972.28772,0.00E+00  
972.52466,0.00E+00  
972.76154,0.00E+00  
972.99847,0.00E+00  
973.23541,0.00E+00  
973.47235,0.00E+00  
973.70929,0.00E+00  
973.94623,0.00E+00  
974.18317,0.00E+00  
974.42017,0.00E+00  
974.65710,0.00E+00  
974.89410,0.00E+00  
975.13104,0.00E+00  
975.36804,0.00E+00  
975.60504,0.00E+00  
975.84204,0.00E+00  
976.07898,0.00E+00  
976.31604,0.00E+00  
976.55304,0.00E+00  
976.79004,0.00E+00  
977.02704,0.00E+00  
977.26410,0.00E+00  
977.50110,0.00E+00  
977.73816,0.00E+00  
977.97522,0.00E+00  
978.21228,0.00E+00  
978.44928,0.00E+00  
978.68634,0.00E+00  
978.92346,0.00E+00  
979.16052,0.00E+00  
979.39758,0.00E+00  
979.63464,0.00E+00  
979.87177,0.00E+00  
980.10883,0.00E+00  
980.34595,0.00E+00  
980.58307,0.00E+00  
980.82019,0.00E+00  
981.05731,0.00E+00  
981.29443,0.00E+00  
981.53156,0.00E+00  
981.76868,0.00E+00  
982.00580,0.00E+00  
982.24298,0.00E+00  
982.48010,0.00E+00  
982.71729,0.00E+00  
982.95447,0.00E+00  
983.19159,0.00E+00  
983.42877,0.00E+00  
983.66595,0.00E+00  
983.90314,0.00E+00  
984.14032,0.00E+00  
984.37756,0.00E+00  
984.61475,0.00E+00  
984.85193,0.00E+00  
985.08917,0.00E+00  
985.32642,0.00E+00  
985.56360,0.00E+00  
985.80084,0.00E+00  
986.03809,0.00E+00  
986.27533,0.00E+00  
986.51257,0.00E+00  
986.74982,0.00E+00  
986.98706,0.00E+00  
987.22437,0.00E+00  
987.46161,0.00E+00  
987.69891,0.00E+00  
987.93616,0.00E+00  
988.17346,0.00E+00  
988.41077,0.00E+00  
988.64807,0.00E+00  
988.88538,0.00E+00  
989.12268,0.00E+00  
989.35999,0.00E+00  
989.59729,0.00E+00  
989.83466,0.00E+00  
990.07196,0.00E+00  
990.30933,0.00E+00  
990.54663,0.00E+00  
990.78400,0.00E+00  
991.02136,0.00E+00  
991.25873,0.00E+00  
991.49609,0.00E+00  
991.73346,0.00E+00  
991.97083,0.00E+00  
992.20819,0.00E+00  
992.44562,0.00E+00  
992.68298,0.00E+00  
992.92041,0.00E+00  
993.15778,0.00E+00  
993.39520,0.00E+00  
993.63263,0.00E+00  
993.87006,0.00E+00  
994.10748,0.00E+00  
994.34491,0.00E+00  
994.58234,0.00E+00  
994.81976,0.00E+00  
995.05725,0.00E+00  
995.29468,0.00E+00  
995.53217,0.00E+00  
995.76959,0.00E+00  
996.00708,0.00E+00  
996.24457,0.00E+00  
996.48206,0.00E+00  
996.71954,0.00E+00  
996.95703,0.00E+00  
997.19452,0.00E+00  
997.43201,0.00E+00  
997.66956,0.00E+00  
997.90704,0.00E+00  
998.14459,0.00E+00  
998.38208,0.00E+00  
998.61963,0.00E+00  
998.85718,0.00E+00  
999.09473,0.00E+00  
999.33228,0.00E+00  
999.56982,0.00E+00  
999.80737,0.00E+00  
1000.04492,0.00E+00  
1000.28253,0.00E+00  
1000.52008,0.00E+00  
1000.75769,0.00E+00  
1000.99524,0.00E+00  
1001.23285,0.00E+00  
1001.47046,0.00E+00  
1001.70807,0.00E+00  
1001.94568,0.00E+00  
1002.18329,0.00E+00  
1002.42090,0.00E+00  
1002.65851,0.00E+00  
1002.89618,0.00E+00  
1003.13379,0.00E+00  
1003.37140,0.00E+00  
1003.60907,0.00E+00  
1003.84674,0.00E+00  
1004.08441,0.00E+00  
1004.32202,0.00E+00  
1004.55969,0.00E+00  
1004.79736,0.00E+00  
1005.03510,0.00E+00  
1005.27277,0.00E+00  
1005.51044,0.00E+00  
1005.74817,0.00E+00  
1005.98584,0.00E+00  
1006.22357,0.00E+00  
1006.46124,0.00E+00  
1006.69898,0.00E+00  
1006.93671,0.00E+00  
1007.17444,0.00E+00  
1007.41217,0.00E+00  
1007.64990,0.00E+00  
1007.88763,0.00E+00  
1008.12543,0.00E+00  
1008.36316,0.00E+00  
1008.60089,0.00E+00  
1008.83868,0.00E+00  
1009.07648,0.00E+00  
1009.31421,0.00E+00  
1009.55200,0.00E+00  
1009.78980,0.00E+00  
1010.02759,0.00E+00  
1010.26538,0.00E+00  
1010.50317,0.00E+00  
1010.74103,0.00E+00  
1010.97882,0.00E+00  
1011.21661,0.00E+00
